epoch,time,train/box_loss,train/cls_loss,train/dfl_loss,metrics/precision(B),metrics/recall(B),metrics/mAP50(B),metrics/mAP50-95(B),val/box_loss,val/cls_loss,val/dfl_loss,lr/pg0,lr/pg1,lr/pg2
1,9.08717,1.66872,3.7233,1.4895,0.00508,1,0.69669,0.51446,0.74945,2.99465,0.9839,0.0025,0.0025,0.0025
2,15.9199,1.477,2.33214,1.35099,0.01921,1,0.53006,0.28698,1.22593,3.06944,1.34633,0.00509663,0.00509663,0.00509663
3,22.5358,1.3892,1.98807,1.3032,0.00899,1,0.60223,0.29549,1.42688,3.09141,1.60339,0.00768984,0.00768984,0.00768984
4,29.2487,1.46317,1.94289,1.36384,0.95006,0.45455,0.69754,0.38194,1.68559,2.34512,2.04139,0.0099802,0.0099802,0.0099802
5,35.986,1.51378,1.912,1.39857,0.66526,0.54239,0.49621,0.24729,1.50837,2.44829,1.72428,0.0099736,0.0099736,0.0099736
6,42.6216,1.61022,1.91543,1.49794,0.58086,0.63636,0.58582,0.20253,2.21513,3.05168,3.66109,0.009967,0.009967,0.009967
7,49.2405,1.57879,1.87837,1.49314,0.00613,1,0.11804,0.05126,2.25496,3.08997,2.63849,0.0099604,0.0099604,0.0099604
8,56.1255,1.56994,1.76001,1.44874,0.69123,0.45455,0.49398,0.23123,1.92245,2.45127,2.21104,0.0099538,0.0099538,0.0099538
9,63.0312,1.5087,1.65373,1.44045,1,0.44608,0.63828,0.38381,1.66857,1.61484,2.19864,0.0099472,0.0099472,0.0099472
10,69.7969,1.52997,1.57418,1.43949,0.67944,0.63636,0.57857,0.3576,1.48684,1.85474,1.87638,0.0099406,0.0099406,0.0099406
11,76.8544,1.56065,1.64614,1.47119,0.77688,0.63343,0.72563,0.38554,1.57669,2.22909,1.85351,0.009934,0.009934,0.009934
12,83.5854,1.50336,1.57381,1.40287,0.31448,0.72727,0.40775,0.20776,2.21404,2.69683,2.48996,0.0099274,0.0099274,0.0099274
13,90.2007,1.54021,1.55309,1.46776,0.83779,0.63636,0.79189,0.49687,1.39771,1.61605,1.6219,0.0099208,0.0099208,0.0099208
14,97.0425,1.44489,1.45606,1.3963,0.71124,1,0.81071,0.48288,1.33218,1.34804,1.58837,0.0099142,0.0099142,0.0099142
15,104.226,1.46941,1.40894,1.37365,0.83997,0.95613,0.93206,0.54823,1.42489,1.15129,1.61502,0.0099076,0.0099076,0.0099076
16,113.337,1.48384,1.35454,1.39241,0.87075,0.61474,0.70332,0.36306,1.7928,1.79052,1.94593,0.009901,0.009901,0.009901
17,120.427,1.4616,1.40483,1.37614,0.77948,0.72727,0.75141,0.38167,1.62049,1.31491,1.98485,0.0098944,0.0098944,0.0098944
18,127.415,1.4512,1.34075,1.38927,0.89845,0.81818,0.88133,0.52402,1.25033,1.25261,1.56053,0.0098878,0.0098878,0.0098878
19,134.933,1.41421,1.34902,1.34236,0.85669,0.72727,0.86036,0.62493,1.13543,1.34634,1.41939,0.0098812,0.0098812,0.0098812
20,141.998,1.38112,1.29203,1.34157,0.71644,0.72727,0.7237,0.5052,1.54035,1.4584,1.78293,0.0098746,0.0098746,0.0098746
21,149.284,1.39707,1.30209,1.36371,0.75884,0.90909,0.86125,0.56676,1.35722,1.10129,1.81373,0.009868,0.009868,0.009868
22,156.311,1.42699,1.31897,1.38068,1,0.6273,0.77401,0.54127,1.34402,1.30641,1.57465,0.0098614,0.0098614,0.0098614
23,165.769,1.39437,1.3229,1.36434,0.72986,0.81818,0.7998,0.49149,1.51894,1.63099,1.66846,0.0098548,0.0098548,0.0098548
24,175.239,1.39083,1.26167,1.32411,0.8963,0.90909,0.96282,0.60213,1.2947,0.96128,1.49122,0.0098482,0.0098482,0.0098482
25,185.37,1.33256,1.18445,1.31544,0.93466,0.63636,0.80684,0.50786,1.31285,1.368,1.44791,0.0098416,0.0098416,0.0098416
26,194.266,1.36395,1.2316,1.3295,0.77965,1,0.94006,0.63678,1.27219,0.88283,1.63038,0.009835,0.009835,0.009835
27,202.938,1.32731,1.19073,1.31094,0.80872,0.81818,0.83425,0.59527,1.3153,1.0847,1.61761,0.0098284,0.0098284,0.0098284
28,212.145,1.38494,1.18509,1.34143,0.89483,0.81818,0.93324,0.61906,1.14532,1.0237,1.39387,0.0098218,0.0098218,0.0098218
29,221.012,1.31826,1.12939,1.29404,0.87584,0.72727,0.77248,0.4493,1.49129,1.56228,1.71234,0.0098152,0.0098152,0.0098152
30,228.998,1.34529,1.13482,1.32362,0.78279,1,0.95171,0.54198,1.46044,0.82531,1.72783,0.0098086,0.0098086,0.0098086
31,235.997,1.34203,1.19237,1.30799,0.75179,0.5513,0.64446,0.37327,1.83277,1.43385,2.1631,0.009802,0.009802,0.009802
32,243.575,1.2911,1.13729,1.3012,0.75634,0.90909,0.87439,0.61596,1.15986,0.87904,1.37714,0.0097954,0.0097954,0.0097954
33,251.343,1.31022,1.10649,1.29084,1,0.99194,0.995,0.51569,1.37007,1.06815,1.56599,0.0097888,0.0097888,0.0097888
34,258.991,1.34035,1.13445,1.32582,0.90535,0.87173,0.91035,0.67002,1.03436,1.0462,1.38913,0.0097822,0.0097822,0.0097822
35,266.475,1.33482,1.13724,1.31404,0.90313,0.84951,0.89805,0.66242,1.167,0.87473,1.55154,0.0097756,0.0097756,0.0097756
36,274.909,1.30166,1.10756,1.31261,0.84312,0.81818,0.93387,0.59347,1.14378,1.19036,1.42973,0.009769,0.009769,0.009769
37,281.574,1.31307,1.11194,1.30607,0.91622,0.81818,0.88088,0.57052,1.18625,1.0813,1.40657,0.0097624,0.0097624,0.0097624
38,289.388,1.2771,1.07797,1.28123,0.98319,0.81818,0.92923,0.68482,1.02614,0.9557,1.27241,0.0097558,0.0097558,0.0097558
39,297.534,1.26091,1.0738,1.2721,0.97276,0.90909,0.9875,0.69313,1.0465,0.88288,1.28092,0.0097492,0.0097492,0.0097492
40,306.379,1.25539,1.02755,1.27137,0.98066,0.90909,0.93694,0.65115,1.20656,0.7827,1.42807,0.0097426,0.0097426,0.0097426
41,314.787,1.2489,1.08138,1.27826,1,0.94992,0.995,0.69407,1.14142,0.78073,1.33014,0.009736,0.009736,0.009736
42,322.53,1.24077,1.05698,1.23565,0.99753,0.90909,0.91665,0.75375,0.87518,0.86787,1.19371,0.0097294,0.0097294,0.0097294
43,329.91,1.23533,1.03849,1.25709,0.98933,0.81818,0.89176,0.69646,0.9344,0.85823,1.30457,0.0097228,0.0097228,0.0097228
44,339.24,1.22404,1.03148,1.2502,0.83603,0.92822,0.98115,0.73421,0.97192,0.74651,1.23031,0.0097162,0.0097162,0.0097162
45,346.838,1.22855,1.03062,1.26006,0.77549,1,0.88571,0.56188,0.98553,1.16618,1.31975,0.0097096,0.0097096,0.0097096
46,353.52,1.19634,0.97466,1.232,1,0.90036,0.938,0.69421,1.03501,0.86903,1.3307,0.009703,0.009703,0.009703
47,361.719,1.22436,0.97375,1.23265,1,0.98399,0.995,0.70652,0.85555,0.73084,1.15702,0.0096964,0.0096964,0.0096964
48,369.866,1.24011,1.02391,1.25413,0.99254,1,0.995,0.74549,0.97299,0.61546,1.24758,0.0096898,0.0096898,0.0096898
49,378.569,1.20827,0.97353,1.21627,0.89702,1,0.9875,0.76718,0.88222,0.66896,1.19846,0.0096832,0.0096832,0.0096832
50,387.189,1.2236,1.01164,1.23143,0.90804,0.89857,0.88515,0.6596,1.01566,0.86129,1.34023,0.0096766,0.0096766,0.0096766
51,397.573,1.17387,0.94582,1.22564,0.90739,0.89206,0.95935,0.67132,0.81951,0.71278,1.1738,0.00967,0.00967,0.00967
52,407.09,1.23102,0.9668,1.23115,1,0.70759,0.84263,0.57076,1.19535,1.34622,1.6349,0.0096634,0.0096634,0.0096634
53,415.034,1.21837,0.93268,1.23667,0.89503,0.81818,0.81581,0.60329,1.11556,0.82832,1.39154,0.0096568,0.0096568,0.0096568
54,423.926,1.23442,0.98232,1.22567,0.89252,0.81818,0.87875,0.6413,1.06007,0.70833,1.41119,0.0096502,0.0096502,0.0096502
55,433.024,1.22452,0.96885,1.24243,0.76729,0.89991,0.87494,0.72333,0.99636,0.66776,1.27744,0.0096436,0.0096436,0.0096436
56,442.29,1.21784,0.95956,1.23017,0.82213,0.8419,0.9,0.66697,1.02215,0.8606,1.25505,0.009637,0.009637,0.009637
57,451.435,1.20839,0.94643,1.1993,1,0.9849,0.995,0.74528,0.89961,0.63221,1.33827,0.0096304,0.0096304,0.0096304
58,460.673,1.18893,0.9417,1.21302,0.89728,0.90909,0.95935,0.77286,0.82224,0.58992,1.13419,0.0096238,0.0096238,0.0096238
59,470.183,1.19541,0.94205,1.23268,0.90168,0.83501,0.96753,0.67781,0.93541,0.83368,1.22639,0.0096172,0.0096172,0.0096172
60,479.233,1.16358,0.92301,1.2174,0.98564,1,0.995,0.74186,0.91634,0.61108,1.20334,0.0096106,0.0096106,0.0096106
61,487.14,1.12901,0.89418,1.18555,0.99047,0.90909,0.95711,0.6363,0.96296,0.72616,1.33138,0.009604,0.009604,0.009604
62,494.21,1.1783,0.88426,1.22655,0.84425,0.98647,0.97297,0.73337,0.91267,0.76415,1.15528,0.0095974,0.0095974,0.0095974
63,501.048,1.17099,0.95563,1.20498,0.9868,0.81818,0.89505,0.55247,1.23542,0.85756,1.60204,0.0095908,0.0095908,0.0095908
64,507.868,1.13333,0.88236,1.19388,0.90412,0.90909,0.88526,0.68386,1.09171,0.6831,1.4149,0.0095842,0.0095842,0.0095842
65,514.563,1.14505,0.90146,1.18467,0.74661,0.90909,0.82195,0.63201,1.15314,0.66801,1.47103,0.0095776,0.0095776,0.0095776
66,521.25,1.11171,0.87643,1.18248,0.82422,1,0.89462,0.57824,1.26821,0.99399,1.54773,0.009571,0.009571,0.009571
67,527.954,1.15507,0.92208,1.20396,0.91582,0.98982,0.98,0.71276,1.0857,0.65673,1.31657,0.0095644,0.0095644,0.0095644
68,534.602,1.14108,0.885,1.19619,0.90727,1,0.98,0.74624,0.94994,0.64324,1.16793,0.0095578,0.0095578,0.0095578
69,541.566,1.10231,0.884,1.17535,0.75112,0.90909,0.86362,0.68001,1.26011,0.68464,1.77703,0.0095512,0.0095512,0.0095512
70,548.897,1.14239,0.89607,1.18755,0.97635,0.81818,0.9102,0.72966,0.9149,0.58699,1.27809,0.0095446,0.0095446,0.0095446
71,556.592,1.13804,0.90086,1.17767,0.94628,1,0.995,0.69301,0.97949,0.72732,1.33986,0.009538,0.009538,0.009538
72,564.356,1.10609,0.87407,1.1678,0.99693,0.90909,0.98115,0.66038,1.26938,0.6658,1.64854,0.0095314,0.0095314,0.0095314
73,571.594,1.12792,0.87121,1.1898,0.99747,0.90909,0.97571,0.74358,0.98177,0.5819,1.25977,0.0095248,0.0095248,0.0095248
74,580.634,1.10856,0.86354,1.18957,0.99271,0.90909,0.923,0.69487,1.01006,0.66423,1.34743,0.0095182,0.0095182,0.0095182
75,588.383,1.10941,0.86192,1.17196,0.99322,0.90909,0.91769,0.68898,1.05402,0.59857,1.40744,0.0095116,0.0095116,0.0095116
76,596.214,1.15506,0.89854,1.19807,0.9806,0.90909,0.938,0.69762,1.13767,0.64662,1.40826,0.009505,0.009505,0.009505
77,603.424,1.09979,0.85016,1.17548,0.99335,1,0.995,0.75336,1.03049,0.53295,1.30815,0.0094984,0.0094984,0.0094984
78,610.806,1.1031,0.85691,1.17301,1,0.9982,0.995,0.75153,0.94495,0.61938,1.17908,0.0094918,0.0094918,0.0094918
79,618.858,1.09415,0.85614,1.16543,0.90235,0.90909,0.90172,0.69044,1.10816,0.67343,1.5311,0.0094852,0.0094852,0.0094852
80,627.515,1.12364,0.87163,1.18117,0.84401,0.98479,0.96479,0.67656,1.1226,0.63829,1.52262,0.0094786,0.0094786,0.0094786
81,636.095,1.06434,0.8327,1.14471,0.99149,0.81818,0.90075,0.67318,1.15334,0.68485,1.44499,0.009472,0.009472,0.009472
82,644.284,1.09063,0.8339,1.14568,0.8932,1,0.9875,0.66032,1.28372,0.7396,1.5372,0.0094654,0.0094654,0.0094654
83,652.745,1.07913,0.82994,1.15961,0.90421,0.90909,0.94182,0.74798,0.92812,0.58949,1.3149,0.0094588,0.0094588,0.0094588
84,660.814,1.06651,0.83904,1.16317,0.99793,0.81818,0.93125,0.65249,1.14344,0.65862,1.56022,0.0094522,0.0094522,0.0094522
85,668.67,1.10831,0.82985,1.16557,0.97557,0.90909,0.96687,0.72035,0.78392,0.68965,1.15045,0.0094456,0.0094456,0.0094456
86,677.419,1.07399,0.81471,1.15013,0.90727,1,0.95,0.54833,1.23869,0.66224,1.48201,0.009439,0.009439,0.009439
87,685.735,1.02073,0.80672,1.14452,0.98444,0.90909,0.97571,0.80612,0.69253,0.54813,1.07652,0.0094324,0.0094324,0.0094324
88,694.351,1.04611,0.78815,1.14541,0.99423,0.90909,0.91104,0.73043,0.95558,0.55204,1.29622,0.0094258,0.0094258,0.0094258
89,703.311,1.06317,0.81146,1.14004,1,0.90349,0.916,0.73102,0.91903,0.64744,1.26571,0.0094192,0.0094192,0.0094192
90,712.904,1.06675,0.80501,1.15323,1,0.89413,0.92268,0.73696,1.04553,0.70472,1.32199,0.0094126,0.0094126,0.0094126
91,722.853,1.0614,0.82961,1.14969,0.99277,0.90909,0.91,0.73843,0.83961,0.64402,1.17718,0.009406,0.009406,0.009406
92,732.367,1.08805,0.81454,1.16568,0.99631,0.90909,0.91368,0.77892,0.7828,0.54343,1.14988,0.0093994,0.0093994,0.0093994
93,739.822,1.01718,0.79239,1.10653,0.9708,0.90909,0.91104,0.74993,0.8457,0.6695,1.15971,0.0093928,0.0093928,0.0093928
94,746.979,1.02911,0.80633,1.11978,0.98984,0.90909,0.92441,0.77046,0.9053,0.68263,1.17976,0.0093862,0.0093862,0.0093862
95,753.966,1.03891,0.79216,1.12191,0.97146,0.90909,0.971,0.82558,0.73553,0.55991,1.06127,0.0093796,0.0093796,0.0093796
96,762.04,1.03452,0.80022,1.1339,0.90525,0.90909,0.98115,0.83397,0.75019,0.61773,1.17245,0.009373,0.009373,0.009373
97,769.167,1.00867,0.76509,1.12999,0.79352,0.90909,0.93311,0.75039,0.90471,0.67902,1.14851,0.0093664,0.0093664,0.0093664
98,775.895,1.02587,0.76031,1.12023,0.88262,0.81818,0.93223,0.81756,0.65119,0.54565,1.01719,0.0093598,0.0093598,0.0093598
99,782.609,1.04622,0.79247,1.12093,0.89085,0.90909,0.91045,0.76687,0.85752,0.58693,1.23159,0.0093532,0.0093532,0.0093532
100,789.292,1.03439,0.75973,1.11722,1,0.90644,0.95,0.80322,0.75596,0.55713,1.13809,0.0093466,0.0093466,0.0093466
101,796.149,1.01115,0.75314,1.111,0.99309,0.90909,0.91286,0.74997,0.81008,0.49676,1.14432,0.00934,0.00934,0.00934
102,803.691,1.00801,0.74598,1.11904,1,0.89906,0.98115,0.75241,0.84768,0.57166,1.13562,0.0093334,0.0093334,0.0093334
103,811.23,1.00071,0.78017,1.1224,0.90728,0.89099,0.93168,0.75641,0.75497,0.64321,1.08809,0.0093268,0.0093268,0.0093268
104,818.976,1.02633,0.7639,1.11861,0.90046,0.90909,0.87527,0.74081,0.81528,0.73943,1.10664,0.0093202,0.0093202,0.0093202
105,826.866,1.03137,0.78004,1.12062,1,0.90445,0.92097,0.80638,0.70337,0.63309,1.08169,0.0093136,0.0093136,0.0093136
106,834.866,1.01723,0.77692,1.11462,1,0.9913,0.995,0.79215,0.85613,0.51986,1.18316,0.009307,0.009307,0.009307
107,844.097,1.00718,0.7627,1.12485,0.97802,0.90909,0.96324,0.79537,0.7817,0.43409,1.12363,0.0093004,0.0093004,0.0093004
108,852.549,1.01406,0.75053,1.1219,0.99396,0.90909,0.93038,0.81288,0.71608,0.612,1.03042,0.0092938,0.0092938,0.0092938
109,860.303,1.03686,0.72945,1.12992,0.97666,0.90909,0.91207,0.74119,0.90839,0.9316,1.21178,0.0092872,0.0092872,0.0092872
110,867.457,1.00143,0.73472,1.10676,0.97557,0.90909,0.92047,0.71065,0.89986,0.68273,1.15449,0.0092806,0.0092806,0.0092806
111,874.714,0.98763,0.73581,1.11666,0.99486,0.90909,0.91471,0.74684,0.94019,0.74812,1.24412,0.009274,0.009274,0.009274
112,882.206,1.02135,0.76111,1.11864,0.91546,0.98556,0.9875,0.82893,0.72655,0.63563,1.07929,0.0092674,0.0092674,0.0092674
113,889.607,1.02591,0.78358,1.15146,0.98856,0.90909,0.96687,0.80559,0.72997,0.54264,1.0488,0.0092608,0.0092608,0.0092608
114,896.779,0.98698,0.74666,1.11706,0.99083,0.90909,0.96324,0.78031,0.85672,0.53105,1.15123,0.0092542,0.0092542,0.0092542
115,904.537,1.02414,0.77651,1.1432,0.99533,0.90909,0.93329,0.78565,0.81345,0.46529,1.13656,0.0092476,0.0092476,0.0092476
116,912.028,0.99966,0.7305,1.12512,1,0.99575,0.995,0.80217,0.79471,0.4262,1.07679,0.009241,0.009241,0.009241
117,919.821,0.98167,0.72502,1.11746,0.90857,1,0.9875,0.86931,0.71845,0.50807,1.05465,0.0092344,0.0092344,0.0092344
118,928.518,0.99707,0.73474,1.11133,0.9141,1,0.9875,0.85802,0.73744,0.48232,1.0189,0.0092278,0.0092278,0.0092278
119,937.296,0.98606,0.74797,1.10423,1,0.99143,0.995,0.80863,0.67757,0.5292,1.08562,0.0092212,0.0092212,0.0092212
120,946.727,0.98971,0.7271,1.1059,1,0.99424,0.995,0.79861,0.76722,0.50458,1.19093,0.0092146,0.0092146,0.0092146
121,955.298,0.96576,0.74982,1.10406,0.90652,0.90909,0.94182,0.73763,0.83958,0.63275,1.24458,0.009208,0.009208,0.009208
122,964.5,0.96872,0.73677,1.08528,0.89761,0.90909,0.96753,0.78912,0.79392,0.5515,1.22739,0.0092014,0.0092014,0.0092014
123,971.919,0.98181,0.70615,1.09249,0.99578,0.90909,0.9875,0.78136,0.7977,0.56352,1.19932,0.0091948,0.0091948,0.0091948
124,979.016,0.97456,0.72636,1.09095,0.99663,0.90909,0.92857,0.74664,0.93378,0.57509,1.20056,0.0091882,0.0091882,0.0091882
125,986.244,0.9917,0.73341,1.12332,0.99424,1,0.995,0.85577,0.65274,0.4644,0.99087,0.0091816,0.0091816,0.0091816
126,993.602,0.94022,0.70066,1.077,0.91367,1,0.9875,0.78831,0.74489,0.47761,1.02554,0.009175,0.009175,0.009175
127,1000.91,0.98272,0.71549,1.10157,0.99662,1,0.995,0.7822,0.77038,0.44711,1.0723,0.0091684,0.0091684,0.0091684
128,1008.23,1.00667,0.75674,1.1283,1,0.99465,0.995,0.83339,0.71311,0.46623,1.07201,0.0091618,0.0091618,0.0091618
129,1015.52,0.98423,0.75959,1.1199,1,0.99365,0.995,0.81656,0.71056,0.46512,1.03314,0.0091552,0.0091552,0.0091552
130,1022.47,0.95946,0.69593,1.09954,0.99405,0.90909,0.91553,0.78805,0.75968,0.63235,1.10175,0.0091486,0.0091486,0.0091486
131,1029.72,0.94243,0.70814,1.10069,0.99283,0.90909,0.91135,0.711,0.80065,0.648,1.13915,0.009142,0.009142,0.009142
132,1038.37,0.93408,0.69332,1.07763,0.99227,0.90909,0.96,0.77538,0.73325,0.5062,1.06984,0.0091354,0.0091354,0.0091354
133,1046.7,0.97159,0.73263,1.09051,0.99215,0.90909,0.91753,0.76713,0.83312,0.55873,1.17954,0.0091288,0.0091288,0.0091288
134,1054.71,0.9794,0.71657,1.10061,0.98409,0.90909,0.9248,0.71603,0.92793,0.66815,1.16678,0.0091222,0.0091222,0.0091222
135,1062.49,0.94592,0.69081,1.08277,0.99418,0.90909,0.92802,0.73458,0.88823,0.64267,1.1588,0.0091156,0.0091156,0.0091156
136,1069.66,0.9021,0.6857,1.06163,0.99377,0.90909,0.9875,0.80515,0.72021,0.49342,1.02283,0.009109,0.009109,0.009109
137,1076.23,0.926,0.68871,1.08602,0.99617,0.90909,0.9125,0.74093,0.76018,0.66178,1.16023,0.0091024,0.0091024,0.0091024
138,1082.8,0.93898,0.68528,1.07537,0.99662,0.90909,0.95,0.81046,0.75121,0.49649,1.07177,0.0090958,0.0090958,0.0090958
139,1089.34,0.9384,0.71774,1.08114,0.99388,0.90909,0.9875,0.83358,0.68389,0.4953,0.97626,0.0090892,0.0090892,0.0090892
140,1095.96,0.93784,0.68297,1.08412,0.91367,1,0.9875,0.74402,0.86124,0.53499,1.13681,0.0090826,0.0090826,0.0090826
141,1102.55,0.9437,0.71166,1.09163,0.99505,0.90909,0.9875,0.80098,0.77253,0.51624,1.07531,0.009076,0.009076,0.009076
142,1109.11,0.93449,0.68158,1.08602,0.99101,0.90909,0.94036,0.77624,0.88212,0.57912,1.14953,0.0090694,0.0090694,0.0090694
143,1115.64,0.9307,0.70336,1.08833,0.98636,0.90909,0.91956,0.74763,0.85141,0.57034,1.07626,0.0090628,0.0090628,0.0090628
144,1122.29,0.93423,0.68,1.0905,0.98985,0.90909,0.96687,0.78224,0.73896,0.57264,1.00403,0.0090562,0.0090562,0.0090562
145,1128.8,0.89413,0.65172,1.08293,0.99048,0.90909,0.935,0.80297,0.78065,0.57415,1.06368,0.0090496,0.0090496,0.0090496
146,1135.35,0.95271,0.69397,1.09242,0.98694,0.90909,0.91197,0.82752,0.70271,0.49691,1.12927,0.009043,0.009043,0.009043
147,1141.94,0.96603,0.69135,1.09158,0.99502,0.90909,0.98115,0.73098,1.00851,0.5782,1.32388,0.0090364,0.0090364,0.0090364
148,1148.54,0.9467,0.68657,1.07169,1,0.90546,0.96,0.76311,0.82426,0.47092,1.14849,0.0090298,0.0090298,0.0090298
149,1155.12,0.90758,0.63973,1.05498,0.99432,0.90909,0.92404,0.76528,0.69451,0.51698,1.01414,0.0090232,0.0090232,0.0090232
150,1161.75,0.93364,0.67137,1.08852,0.99008,0.90909,0.91027,0.76939,0.84485,0.72266,1.09027,0.0090166,0.0090166,0.0090166
151,1168.34,0.91128,0.66134,1.0671,0.99434,0.90909,0.91127,0.7586,0.75158,0.73499,1.07168,0.00901,0.00901,0.00901
152,1174.9,0.92854,0.70356,1.08667,0.99398,0.90909,0.98115,0.77292,0.71234,0.45691,1.02078,0.0090034,0.0090034,0.0090034
153,1181.52,0.92134,0.67222,1.08222,0.99543,0.90909,0.98115,0.79106,0.8145,0.49515,1.09832,0.0089968,0.0089968,0.0089968
154,1188.13,0.92302,0.65094,1.08009,0.99379,1,0.995,0.70831,0.97437,0.46516,1.26941,0.0089902,0.0089902,0.0089902
155,1194.69,0.9297,0.66494,1.07832,0.99313,0.90909,0.91651,0.74396,0.90086,0.60367,1.17901,0.0089836,0.0089836,0.0089836
156,1201.23,0.93245,0.66744,1.07213,0.90484,0.8666,0.96753,0.7735,0.74788,0.53978,1.09183,0.008977,0.008977,0.008977
157,1207.8,0.92824,0.67519,1.07619,0.91649,0.99785,0.9875,0.82455,0.65959,0.45039,1.04221,0.0089704,0.0089704,0.0089704
158,1214.36,0.90638,0.66796,1.07825,1,0.99293,0.995,0.82124,0.72401,0.42256,1.05262,0.0089638,0.0089638,0.0089638
159,1220.97,0.91154,0.65608,1.06033,0.96459,0.90909,0.91169,0.78046,0.7539,0.39273,1.15284,0.0089572,0.0089572,0.0089572
160,1227.57,0.91774,0.66352,1.08449,0.99299,0.90909,0.95214,0.79342,0.77314,0.53788,1.08685,0.0089506,0.0089506,0.0089506
161,1234.15,0.90168,0.65474,1.076,0.99325,1,0.995,0.87621,0.60624,0.38912,0.98418,0.008944,0.008944,0.008944
162,1240.75,0.8596,0.63586,1.04488,0.99022,1,0.995,0.82962,0.60049,0.43158,1.04116,0.0089374,0.0089374,0.0089374
163,1247.32,0.90694,0.66686,1.06771,0.99419,1,0.995,0.74618,0.91833,0.51477,1.23455,0.0089308,0.0089308,0.0089308
164,1254.05,0.9132,0.67299,1.08419,0.91563,0.98754,0.9875,0.71915,0.89121,0.50696,1.16766,0.0089242,0.0089242,0.0089242
165,1260.6,0.88429,0.641,1.05385,1,0.99381,0.995,0.80222,0.76766,0.49697,1.06308,0.0089176,0.0089176,0.0089176
166,1267.18,0.87976,0.64764,1.04267,0.99555,0.90909,0.94804,0.68538,0.89755,0.53041,1.19057,0.008911,0.008911,0.008911
167,1273.77,0.90049,0.65454,1.06239,0.9935,0.90909,0.92,0.76107,0.87683,0.5634,1.16602,0.0089044,0.0089044,0.0089044
168,1280.38,0.89156,0.64327,1.06307,0.99059,1,0.995,0.79289,0.83999,0.43917,1.18379,0.0088978,0.0088978,0.0088978
169,1286.96,0.91348,0.69356,1.07908,0.91627,0.99519,0.98,0.81667,0.69878,0.45153,1.10143,0.0088912,0.0088912,0.0088912
170,1293.53,0.88179,0.64435,1.06281,0.90202,0.90909,0.93807,0.79926,0.75422,0.56609,1.04945,0.0088846,0.0088846,0.0088846
171,1300.11,0.91984,0.65388,1.0789,1,0.901,0.96,0.78445,0.81148,0.60845,1.13747,0.008878,0.008878,0.008878
172,1306.7,0.89047,0.64552,1.07019,0.98946,0.90909,0.91127,0.79354,0.79166,0.67551,1.15719,0.0088714,0.0088714,0.0088714
173,1313.31,0.89933,0.64868,1.05025,1,0.99785,0.995,0.81146,0.7585,0.43058,1.12161,0.0088648,0.0088648,0.0088648
174,1320.03,0.90895,0.66011,1.07333,0.91242,1,0.9875,0.83002,0.74674,0.44983,1.11166,0.0088582,0.0088582,0.0088582
175,1326.63,0.9138,0.64153,1.06962,0.99312,1,0.995,0.81135,0.7084,0.40084,1.0462,0.0088516,0.0088516,0.0088516
176,1333.14,0.88663,0.6344,1.06198,0.91206,0.94466,0.98,0.80602,0.77228,0.49875,1.1187,0.008845,0.008845,0.008845
177,1339.76,0.87521,0.63565,1.04356,1,0.90283,0.97571,0.79962,0.77036,0.55042,1.08199,0.0088384,0.0088384,0.0088384
178,1346.31,0.86434,0.6533,1.03552,1,0.89321,0.95214,0.79145,0.76835,0.69255,1.09314,0.0088318,0.0088318,0.0088318
179,1352.9,0.83989,0.61405,1.02885,1,0.9861,0.995,0.82771,0.76973,0.41187,1.06437,0.0088252,0.0088252,0.0088252
180,1359.49,0.8894,0.63009,1.05178,0.91664,0.99967,0.9875,0.81092,0.78009,0.45315,1.10533,0.0088186,0.0088186,0.0088186
181,1366.08,0.90352,0.63939,1.06648,0.8761,0.90909,0.95505,0.72989,0.94049,0.6032,1.16351,0.008812,0.008812,0.008812
182,1372.65,0.91122,0.66445,1.06824,1,0.9927,0.995,0.79772,0.71647,0.50072,0.9956,0.0088054,0.0088054,0.0088054
183,1379.29,0.88439,0.61968,1.05107,1,0.99654,0.995,0.77473,0.85242,0.45009,1.12412,0.0087988,0.0087988,0.0087988
184,1385.88,0.92359,0.64537,1.06379,0.99355,0.90909,0.94804,0.73947,0.9118,0.54525,1.21577,0.0087922,0.0087922,0.0087922
185,1392.62,0.87098,0.62585,1.05131,0.91243,1,0.9875,0.76588,0.95012,0.49048,1.19818,0.0087856,0.0087856,0.0087856
186,1399.22,0.87535,0.62174,1.04512,0.99287,1,0.995,0.79146,0.82013,0.48131,1.1445,0.008779,0.008779,0.008779
187,1405.74,0.89415,0.64721,1.04304,1,0.99736,0.995,0.77671,0.71084,0.45796,1.03856,0.0087724,0.0087724,0.0087724
188,1412.25,0.8854,0.65352,1.03981,0.9837,0.90909,0.91273,0.81069,0.64305,0.56248,1.00722,0.0087658,0.0087658,0.0087658
189,1418.85,0.82611,0.62796,1.04076,0.99378,0.90909,0.938,0.8613,0.62264,0.51118,1.03642,0.0087592,0.0087592,0.0087592
190,1425.42,0.88332,0.60816,1.05077,1,0.99404,0.995,0.73143,0.80046,0.48967,1.15133,0.0087526,0.0087526,0.0087526
191,1431.96,0.8702,0.63311,1.05786,0.99522,0.90909,0.98115,0.79196,0.74983,0.49835,1.05686,0.008746,0.008746,0.008746
192,1438.55,0.87084,0.63964,1.05197,0.99411,1,0.995,0.82244,0.63606,0.39777,0.97997,0.0087394,0.0087394,0.0087394
193,1445.06,0.8796,0.62717,1.05751,0.99636,1,0.995,0.84966,0.68456,0.43152,1.02361,0.0087328,0.0087328,0.0087328
194,1451.66,0.86668,0.62163,1.05254,0.90315,0.90909,0.96479,0.82875,0.68285,0.47548,1.05248,0.0087262,0.0087262,0.0087262
195,1458.38,0.89454,0.64252,1.06361,0.99157,0.90909,0.90872,0.81031,0.75925,0.54494,1.11425,0.0087196,0.0087196,0.0087196
196,1464.93,0.87172,0.6016,1.04313,0.9786,0.90909,0.97571,0.81361,0.70534,0.42587,1.054,0.008713,0.008713,0.008713
197,1471.55,0.80286,0.58349,1.0125,1,0.99365,0.995,0.80328,0.68195,0.41092,1.03955,0.0087064,0.0087064,0.0087064
198,1478.18,0.82782,0.5714,1.01361,0.97732,0.90909,0.90728,0.7627,0.81926,0.52539,1.12791,0.0086998,0.0086998,0.0086998
199,1484.74,0.84293,0.60967,1.02467,1,0.90448,0.96324,0.79537,0.7549,0.59158,1.0585,0.0086932,0.0086932,0.0086932
200,1491.31,0.86304,0.60008,1.03352,1,0.99121,0.995,0.82648,0.75604,0.44977,1.04224,0.0086866,0.0086866,0.0086866
201,1497.87,0.85981,0.62973,1.05067,0.89546,0.90909,0.96282,0.82565,0.70892,0.53117,1.05819,0.00868,0.00868,0.00868
202,1504.5,0.85709,0.61486,1.05108,0.99567,0.90909,0.916,0.77024,0.77418,0.62343,1.15263,0.0086734,0.0086734,0.0086734
203,1511.14,0.85395,0.62248,1.03006,1,0.99522,0.995,0.8258,0.74837,0.44384,1.04244,0.0086668,0.0086668,0.0086668
204,1517.72,0.89075,0.63306,1.05144,1,0.99783,0.995,0.83988,0.73337,0.43556,1.07396,0.0086602,0.0086602,0.0086602
205,1524.27,0.84746,0.63142,1.03318,0.99533,1,0.995,0.79826,0.83017,0.4444,1.12287,0.0086536,0.0086536,0.0086536
206,1531.02,0.84397,0.60917,1.03713,1,0.99424,0.995,0.82925,0.81169,0.48617,1.10804,0.008647,0.008647,0.008647
207,1537.64,0.80533,0.56642,0.99691,0.99458,0.90909,0.92333,0.7607,0.83435,0.55298,1.14903,0.0086404,0.0086404,0.0086404
208,1544.17,0.8375,0.61245,1.02712,1,0.99402,0.995,0.80775,0.71246,0.42624,1.04295,0.0086338,0.0086338,0.0086338
209,1550.75,0.84691,0.61173,1.05601,1,0.99329,0.995,0.84017,0.66884,0.39639,0.96565,0.0086272,0.0086272,0.0086272
210,1557.33,0.86442,0.6175,1.06062,0.99389,0.90909,0.98115,0.77489,0.81983,0.41978,1.13403,0.0086206,0.0086206,0.0086206
211,1563.91,0.8495,0.60782,1.04251,0.99164,0.90909,0.91339,0.72303,0.87501,0.56795,1.21591,0.008614,0.008614,0.008614
212,1570.51,0.82789,0.5993,1.02642,0.91636,0.99632,0.9875,0.72145,0.84596,0.54319,1.11502,0.0086074,0.0086074,0.0086074
213,1577.03,0.85676,0.60159,1.03545,0.9937,0.90909,0.9875,0.85759,0.67318,0.5101,0.98863,0.0086008,0.0086008,0.0086008
214,1583.57,0.82492,0.60168,1.0212,1,0.99915,0.995,0.87584,0.52676,0.35663,0.94266,0.0085942,0.0085942,0.0085942
215,1590.15,0.83144,0.57596,1.02209,0.91654,0.99849,0.9875,0.87525,0.58855,0.41627,0.9597,0.0085876,0.0085876,0.0085876
216,1596.73,0.82799,0.59502,1.0135,1,0.99908,0.995,0.85698,0.62607,0.37397,0.97305,0.008581,0.008581,0.008581
217,1603.38,0.82282,0.57583,1.03057,0.99967,1,0.995,0.83692,0.73227,0.38646,1.06666,0.0085744,0.0085744,0.0085744
218,1609.89,0.7941,0.5714,1.00517,1,0.99554,0.995,0.81796,0.66866,0.37015,1.02185,0.0085678,0.0085678,0.0085678
219,1616.49,0.83599,0.60099,1.03193,0.99708,1,0.995,0.80816,0.81648,0.40288,1.15022,0.0085612,0.0085612,0.0085612
220,1623.11,0.84088,0.59654,1.04201,0.99476,1,0.995,0.878,0.70425,0.38144,1.06925,0.0085546,0.0085546,0.0085546
221,1629.98,0.81735,0.58815,1.02303,1,0.99651,0.995,0.83572,0.79661,0.45938,1.13381,0.008548,0.008548,0.008548
222,1636.62,0.817,0.60249,1.02727,1,0.99642,0.995,0.81903,0.78748,0.4466,1.09302,0.0085414,0.0085414,0.0085414
223,1643.21,0.84375,0.59701,1.02305,1,0.99681,0.995,0.87421,0.67915,0.42423,1.0335,0.0085348,0.0085348,0.0085348
224,1649.84,0.81282,0.57754,1.01991,0.99445,0.90909,0.97571,0.86906,0.58064,0.42628,0.95318,0.0085282,0.0085282,0.0085282
225,1656.52,0.83777,0.59887,1.04293,0.99495,0.90909,0.98115,0.80522,0.67898,0.37924,1.00377,0.0085216,0.0085216,0.0085216
226,1663.48,0.82564,0.59864,1.04128,1,0.99633,0.995,0.81058,0.72707,0.37918,1.08475,0.008515,0.008515,0.008515
227,1670.44,0.79793,0.56181,1.02811,1,0.9992,0.995,0.82865,0.74768,0.38522,1.06043,0.0085084,0.0085084,0.0085084
228,1677.08,0.77893,0.56185,1.01681,1,0.99481,0.995,0.84591,0.70131,0.40444,1.02391,0.0085018,0.0085018,0.0085018
229,1683.61,0.81747,0.57332,1.00694,0.99445,0.90909,0.9875,0.84827,0.68118,0.44517,1.05512,0.0084952,0.0084952,0.0084952
230,1690.16,0.79818,0.59415,1.0185,0.99409,0.90909,0.938,0.84429,0.66799,0.43556,1.02791,0.0084886,0.0084886,0.0084886
231,1696.79,0.81888,0.57704,1.01918,1,0.89951,0.93329,0.76818,0.81941,0.51116,1.07136,0.008482,0.008482,0.008482
232,1703.36,0.79307,0.5883,1.0143,1,0.90571,0.95214,0.81906,0.70733,0.47214,1.0859,0.0084754,0.0084754,0.0084754
233,1709.97,0.79524,0.5594,1.00364,0.90782,0.89636,0.95505,0.80037,0.84463,0.57686,1.25286,0.0084688,0.0084688,0.0084688
234,1716.55,0.79327,0.56513,1.01603,0.91606,0.99267,0.9875,0.81902,0.70503,0.38599,1.0616,0.0084622,0.0084622,0.0084622
235,1723.1,0.82509,0.59384,1.01781,0.90343,0.90909,0.91744,0.74031,0.76847,0.5836,1.08308,0.0084556,0.0084556,0.0084556
236,1729.65,0.7914,0.57304,1.01534,1,0.90232,0.96687,0.7882,0.76011,0.61269,1.08741,0.008449,0.008449,0.008449
237,1736.28,0.78191,0.56815,1.00004,1,0.90321,0.92857,0.86462,0.57809,0.60355,0.99054,0.0084424,0.0084424,0.0084424
238,1742.97,0.80183,0.57721,1.01122,1,0.90304,0.938,0.83165,0.55468,0.566,0.98813,0.0084358,0.0084358,0.0084358
239,1749.51,0.80924,0.58342,1.01988,0.91614,0.99363,0.9875,0.85693,0.65339,0.43694,1.0244,0.0084292,0.0084292,0.0084292
240,1756.06,0.81027,0.57829,1.00882,0.91591,0.99097,0.9875,0.78905,0.73197,0.47196,1.05022,0.0084226,0.0084226,0.0084226
241,1762.62,0.79328,0.58586,1.02206,1,0.99442,0.995,0.8351,0.64907,0.40169,0.99023,0.008416,0.008416,0.008416
242,1769.2,0.78551,0.5696,1.01019,0.99549,0.90909,0.9875,0.83954,0.64821,0.51532,0.9905,0.0084094,0.0084094,0.0084094
243,1775.85,0.79777,0.59751,1.03045,0.90113,0.90909,0.88026,0.77313,0.71054,0.59653,1.08001,0.0084028,0.0084028,0.0084028
244,1782.42,0.80287,0.57465,1.00698,1,0.9068,0.93412,0.76452,0.74428,0.52967,1.06115,0.0083962,0.0083962,0.0083962
245,1788.95,0.7899,0.54512,1.01256,1,0.99332,0.995,0.76539,0.8684,0.46853,1.15055,0.0083896,0.0083896,0.0083896
246,1795.55,0.77775,0.56755,1.01134,0.98637,0.90909,0.971,0.79593,0.77459,0.46192,1.12827,0.008383,0.008383,0.008383
247,1802.16,0.79723,0.57123,1.01124,0.99334,0.90909,0.9325,0.70656,0.95926,0.62933,1.34819,0.0083764,0.0083764,0.0083764
248,1808.7,0.78179,0.569,1.00013,0.99439,0.90909,0.92404,0.71422,0.93869,0.45167,1.26139,0.0083698,0.0083698,0.0083698
249,1815.38,0.82731,0.60059,1.02635,0.99481,0.90909,0.92268,0.76045,0.76598,0.59463,1.07089,0.0083632,0.0083632,0.0083632
250,1821.98,0.77422,0.56344,1.00233,0.99236,0.90909,0.938,0.81926,0.71187,0.57671,1.02564,0.0083566,0.0083566,0.0083566
251,1828.54,0.76872,0.58034,1.00879,0.99737,0.90909,0.938,0.79523,0.80613,0.66387,1.16669,0.00835,0.00835,0.00835
252,1835.06,0.7824,0.56663,0.99786,0.99508,0.90909,0.97571,0.80207,0.71567,0.45247,1.04503,0.0083434,0.0083434,0.0083434
253,1841.62,0.76904,0.55013,0.99301,1,0.99396,0.995,0.73692,0.82849,0.45076,1.07799,0.0083368,0.0083368,0.0083368
254,1848.14,0.81516,0.5913,1.0163,0.99325,0.90909,0.98115,0.70442,0.85715,0.42673,1.14053,0.0083302,0.0083302,0.0083302
255,1854.71,0.7598,0.55225,0.99923,0.99433,0.90909,0.98115,0.80568,0.69425,0.46169,1.0252,0.0083236,0.0083236,0.0083236
256,1861.21,0.7647,0.53579,0.99461,1,0.99958,0.995,0.82248,0.78554,0.37707,1.06893,0.008317,0.008317,0.008317
257,1867.8,0.77476,0.57123,1.00687,1,0.99423,0.995,0.83412,0.70962,0.37682,1.03131,0.0083104,0.0083104,0.0083104
258,1874.45,0.80995,0.58031,1.01731,0.91505,0.90909,0.98115,0.83704,0.63891,0.44971,1.03506,0.0083038,0.0083038,0.0083038
259,1881.04,0.79307,0.57789,1.01509,0.90408,0.90909,0.94364,0.82112,0.63425,0.48589,1.0136,0.0082972,0.0082972,0.0082972
260,1887.57,0.73973,0.54154,0.98919,0.90373,0.90909,0.93807,0.7904,0.70346,0.50766,1.05083,0.0082906,0.0082906,0.0082906
261,1894.11,0.78394,0.57547,1.00728,0.99434,0.90909,0.96687,0.79658,0.78566,0.51778,1.09918,0.008284,0.008284,0.008284
262,1900.74,0.77895,0.58197,1.00359,0.99874,0.90909,0.971,0.79279,0.77121,0.48989,1.06156,0.0082774,0.0082774,0.0082774
263,1907.34,0.78573,0.556,1.02009,0.99853,0.90909,0.92,0.80826,0.78961,0.59857,1.18983,0.0082708,0.0082708,0.0082708
264,1913.96,0.76094,0.5561,0.98516,0.99376,0.90909,0.9248,0.82572,0.67593,0.5312,1.07456,0.0082642,0.0082642,0.0082642
265,1920.54,0.77132,0.54778,1.00261,0.99462,0.90909,0.92562,0.82408,0.65081,0.4758,1.00946,0.0082576,0.0082576,0.0082576
266,1927.12,0.76933,0.54516,0.99078,1,0.90484,0.91169,0.82417,0.66153,0.58589,1.01428,0.008251,0.008251,0.008251
267,1933.75,0.8073,0.60065,1.02784,0.99501,0.90909,0.93105,0.80921,0.70123,0.61254,1.07226,0.0082444,0.0082444,0.0082444
268,1940.31,0.75994,0.55674,1.00789,0.99495,0.90909,0.9875,0.84733,0.63611,0.42301,1.01469,0.0082378,0.0082378,0.0082378
269,1947.03,0.75898,0.54069,0.99361,1,0.99333,0.995,0.83971,0.66806,0.38483,1.03905,0.0082312,0.0082312,0.0082312
270,1953.6,0.76107,0.53261,0.99743,1,0.99369,0.995,0.82071,0.73329,0.42221,1.0952,0.0082246,0.0082246,0.0082246
271,1960.16,0.7506,0.52965,0.98507,1,0.99456,0.995,0.8531,0.68073,0.41449,1.11205,0.008218,0.008218,0.008218
272,1966.72,0.76917,0.53544,0.99899,1,0.99389,0.995,0.841,0.74522,0.40436,1.07421,0.0082114,0.0082114,0.0082114
273,1973.32,0.78436,0.55087,1.01225,0.91642,1,0.9875,0.85055,0.76433,0.41005,1.06367,0.0082048,0.0082048,0.0082048
274,1980.05,0.76718,0.55237,0.99739,0.99468,1,0.995,0.82267,0.74602,0.34932,1.08824,0.0081982,0.0081982,0.0081982
275,1986.63,0.80214,0.56989,0.99716,0.99546,1,0.995,0.81199,0.76352,0.41783,1.05231,0.0081916,0.0081916,0.0081916
276,1993.24,0.76813,0.54917,1.00744,0.99354,1,0.995,0.79811,0.80691,0.39973,1.07764,0.008185,0.008185,0.008185
277,1999.77,0.75597,0.54287,0.99878,0.99446,0.90909,0.9875,0.80638,0.78981,0.43952,1.14231,0.0081784,0.0081784,0.0081784
278,2006.35,0.78019,0.54766,0.99858,1,0.99053,0.995,0.76721,0.85483,0.46365,1.27302,0.0081718,0.0081718,0.0081718
279,2012.96,0.788,0.56239,1.01157,0.9944,0.90909,0.98115,0.79914,0.91164,0.47653,1.23342,0.0081652,0.0081652,0.0081652
280,2019.6,0.74436,0.52557,0.99408,0.99254,0.81818,0.96753,0.82546,0.6972,0.55809,1.02791,0.0081586,0.0081586,0.0081586
281,2026.15,0.78512,0.5484,1.00413,1,0.90112,0.9875,0.80129,0.75726,0.4328,1.04886,0.008152,0.008152,0.008152
282,2032.74,0.75884,0.52089,0.99123,1,0.99387,0.995,0.84017,0.65778,0.3614,1.00007,0.0081454,0.0081454,0.0081454
283,2039.35,0.75499,0.5431,0.99143,1,0.99359,0.995,0.8717,0.65392,0.40061,1.02273,0.0081388,0.0081388,0.0081388
284,2045.97,0.7511,0.54198,0.99904,0.97835,0.90909,0.96687,0.84325,0.70122,0.52026,1.04715,0.0081322,0.0081322,0.0081322
285,2052.59,0.71988,0.51208,0.98493,1,0.9025,0.96687,0.72839,0.93287,0.57649,1.24925,0.0081256,0.0081256,0.0081256
286,2059.21,0.75896,0.53554,0.99268,1,0.99438,0.995,0.7599,0.96,0.60163,1.34242,0.008119,0.008119,0.008119
287,2065.78,0.74026,0.53746,0.99327,1,0.98855,0.995,0.8025,0.82328,0.56139,1.22168,0.0081124,0.0081124,0.0081124
288,2072.39,0.78249,0.54011,1.00789,0.98399,0.90909,0.971,0.82137,0.73856,0.48298,1.03233,0.0081058,0.0081058,0.0081058
289,2079.04,0.74006,0.53558,0.98063,0.90242,0.90909,0.92039,0.71734,0.8883,0.652,1.21996,0.0080992,0.0080992,0.0080992
290,2085.65,0.75334,0.53475,0.99234,0.90885,0.90669,0.92287,0.81537,0.70191,0.55901,1.09578,0.0080926,0.0080926,0.0080926
291,2092.21,0.74633,0.5426,0.98954,0.90902,0.90836,0.94892,0.73125,0.7232,0.54125,1.09895,0.008086,0.008086,0.008086
292,2098.88,0.74813,0.55274,1.00649,1,0.90471,0.96,0.84146,0.56306,0.47917,1.00893,0.0080794,0.0080794,0.0080794
293,2105.45,0.76602,0.5502,0.99745,0.98057,0.81818,0.89857,0.81602,0.61104,0.60306,1.0332,0.0080728,0.0080728,0.0080728
294,2112,0.72244,0.52797,0.96815,0.9082,0.90018,0.95505,0.75977,0.88326,0.58887,1.26511,0.0080662,0.0080662,0.0080662
295,2118.53,0.73974,0.52709,0.98306,0.99609,0.90909,0.94036,0.78046,0.85147,0.63045,1.22637,0.0080596,0.0080596,0.0080596
296,2125.09,0.75949,0.55011,0.99999,0.99436,0.90909,0.92857,0.79024,0.86922,0.60749,1.2084,0.008053,0.008053,0.008053
297,2131.69,0.73658,0.53303,0.99647,0.99378,0.90909,0.92047,0.77805,0.73327,0.46335,1.23466,0.0080464,0.0080464,0.0080464
298,2138.24,0.73379,0.52371,0.97535,1,0.96166,0.995,0.77235,0.80459,0.4934,1.30255,0.0080398,0.0080398,0.0080398
299,2144.83,0.73226,0.52432,0.98359,0.99253,0.81818,0.90105,0.73435,0.81056,0.68839,1.19784,0.0080332,0.0080332,0.0080332
300,2151.42,0.75519,0.5264,0.98552,0.99505,0.90909,0.9875,0.84839,0.71434,0.4919,1.05946,0.0080266,0.0080266,0.0080266
301,2158.03,0.7124,0.50753,0.98245,0.9941,0.90909,0.94167,0.7812,0.73104,0.39097,1.09578,0.00802,0.00802,0.00802
302,2164.76,0.74592,0.51387,0.99694,1,0.99915,0.995,0.82554,0.70355,0.35559,1.08464,0.0080134,0.0080134,0.0080134
303,2171.36,0.76422,0.51439,0.99035,0.99759,1,0.995,0.80638,0.71032,0.36107,1.12647,0.0080068,0.0080068,0.0080068
304,2177.9,0.73386,0.52848,0.98494,0.99416,0.90909,0.93105,0.81019,0.79893,0.53934,1.1628,0.0080002,0.0080002,0.0080002
305,2184.47,0.7735,0.54231,0.99578,0.99572,0.90909,0.94036,0.81551,0.75994,0.54192,1.08347,0.0079936,0.0079936,0.0079936
306,2191.12,0.75265,0.52854,0.9981,1,0.98931,0.995,0.87155,0.71433,0.46578,1.04688,0.007987,0.007987,0.007987
307,2197.77,0.74809,0.53439,1.006,1,0.90468,0.9875,0.82719,0.68015,0.45711,1.02508,0.0079804,0.0079804,0.0079804
308,2204.35,0.73893,0.52885,0.99405,0.901,0.90909,0.90652,0.79916,0.77486,0.56278,1.12626,0.0079738,0.0079738,0.0079738
309,2210.96,0.74495,0.53548,0.99926,0.99352,0.90909,0.95711,0.84305,0.66021,0.48335,1.02028,0.0079672,0.0079672,0.0079672
310,2217.55,0.76412,0.54216,0.9941,0.99621,0.90909,0.9875,0.86999,0.65701,0.46264,1.00309,0.0079606,0.0079606,0.0079606
311,2224.07,0.73883,0.53834,0.98453,0.99853,0.90909,0.9875,0.8321,0.77084,0.51533,1.08758,0.007954,0.007954,0.007954
312,2230.71,0.75369,0.53736,0.99085,1,0.99268,0.995,0.79934,0.83165,0.49566,1.15969,0.0079474,0.0079474,0.0079474
313,2237.34,0.74389,0.53406,0.98097,1,0.98121,0.995,0.81386,0.7483,0.46076,1.09041,0.0079408,0.0079408,0.0079408
314,2243.93,0.72058,0.51294,0.97886,1,0.94566,0.995,0.82787,0.72478,0.44627,1.08798,0.0079342,0.0079342,0.0079342
315,2250.51,0.73674,0.51872,0.97989,1,0.94642,0.995,0.7953,0.82818,0.44233,1.21005,0.0079276,0.0079276,0.0079276
316,2257.03,0.74019,0.51725,0.99018,1,0.90262,0.9875,0.8177,0.72818,0.4392,1.03064,0.007921,0.007921,0.007921
317,2263.68,0.7608,0.53199,0.99434,0.9863,1,0.995,0.81091,0.81799,0.47363,1.12627,0.0079144,0.0079144,0.0079144
318,2270.24,0.73733,0.52665,0.9794,0.99402,1,0.995,0.75527,0.90235,0.35778,1.26571,0.0079078,0.0079078,0.0079078
319,2276.79,0.69443,0.49718,0.96993,1,0.90674,0.9875,0.79947,0.76912,0.4511,1.12524,0.0079012,0.0079012,0.0079012
320,2283.31,0.70055,0.50777,0.97614,1,0.99782,0.995,0.84762,0.63992,0.34585,1.00598,0.0078946,0.0078946,0.0078946
321,2289.89,0.71212,0.49909,0.97501,0.99517,1,0.995,0.85049,0.6314,0.36644,1.01779,0.007888,0.007888,0.007888
322,2296.44,0.71734,0.50759,0.98524,1,0.99028,0.995,0.85156,0.65218,0.48722,1.02979,0.0078814,0.0078814,0.0078814
323,2303.15,0.72136,0.50883,0.98482,1,0.99737,0.995,0.8155,0.7756,0.36418,1.09979,0.0078748,0.0078748,0.0078748
324,2309.71,0.71624,0.51413,0.97176,1,0.99471,0.995,0.83244,0.74907,0.40134,1.08458,0.0078682,0.0078682,0.0078682
325,2316.23,0.73254,0.51869,0.98066,0.9956,0.90909,0.91738,0.75642,0.75948,0.62002,1.08876,0.0078616,0.0078616,0.0078616
326,2322.82,0.74138,0.52098,0.9801,0.98242,0.90909,0.93038,0.76906,0.78641,0.5244,1.11361,0.007855,0.007855,0.007855
327,2329.37,0.7517,0.5433,0.99116,0.99423,0.90909,0.971,0.75922,0.90603,0.57135,1.23456,0.0078484,0.0078484,0.0078484
328,2335.95,0.69333,0.49511,0.96257,1,0.89895,0.98115,0.83475,0.75476,0.51529,1.06888,0.0078418,0.0078418,0.0078418
329,2342.52,0.72885,0.51983,0.98312,0.91585,0.99026,0.98,0.82579,0.78587,0.48784,1.0928,0.0078352,0.0078352,0.0078352
330,2349.12,0.74525,0.52763,0.99005,0.99273,0.90909,0.98115,0.81603,0.76126,0.4477,1.13104,0.0078286,0.0078286,0.0078286
331,2355.62,0.72951,0.51566,0.98498,0.90897,0.90783,0.96479,0.84658,0.63298,0.45972,1.00159,0.007822,0.007822,0.007822
332,2362.18,0.7204,0.50662,0.97899,1,0.90309,0.94625,0.86707,0.60548,0.53308,0.98963,0.0078154,0.0078154,0.0078154
333,2368.68,0.71228,0.51019,0.9803,0.99735,0.90909,0.92333,0.82752,0.71641,0.48127,1.04212,0.0078088,0.0078088,0.0078088
334,2375.31,0.70887,0.50304,0.97459,1,0.90539,0.9446,0.81529,0.67296,0.51667,1.02433,0.0078022,0.0078022,0.0078022
335,2381.89,0.72201,0.51526,0.99192,0.99809,0.90909,0.98115,0.7883,0.76267,0.42314,1.14902,0.0077956,0.0077956,0.0077956
336,2388.45,0.75971,0.5245,1.01056,1,0.98066,0.995,0.8182,0.72678,0.49399,1.14146,0.007789,0.007789,0.007789
337,2395,0.71813,0.50337,0.97437,1,0.99692,0.995,0.84021,0.68013,0.43381,1.11449,0.0077824,0.0077824,0.0077824
338,2401.6,0.71113,0.50923,0.9745,0.99038,1,0.995,0.81755,0.75727,0.40963,1.13477,0.0077758,0.0077758,0.0077758
339,2408.17,0.7158,0.51031,0.96927,0.99645,1,0.995,0.81285,0.84827,0.42333,1.32203,0.0077692,0.0077692,0.0077692
340,2414.74,0.7036,0.5005,0.95984,1,0.99141,0.995,0.84134,0.72459,0.45974,1.12775,0.0077626,0.0077626,0.0077626
341,2421.35,0.68143,0.484,0.96634,0.99459,0.90909,0.9875,0.80837,0.7075,0.4636,1.12558,0.007756,0.007756,0.007756
342,2427.99,0.73591,0.53186,0.98473,0.99565,0.90909,0.98115,0.77282,0.74583,0.42554,1.15474,0.0077494,0.0077494,0.0077494
343,2434.58,0.72217,0.52428,0.96654,0.97523,1,0.995,0.81015,0.66534,0.39735,1.11524,0.0077428,0.0077428,0.0077428
344,2441.26,0.71884,0.51592,0.98803,0.99949,1,0.995,0.81167,0.72552,0.35624,1.14386,0.0077362,0.0077362,0.0077362
345,2447.87,0.7146,0.5052,0.97198,1,0.99598,0.995,0.81029,0.75388,0.34983,1.13254,0.0077296,0.0077296,0.0077296
346,2454.47,0.69758,0.50369,0.97006,0.98022,1,0.995,0.84406,0.69014,0.44363,1.05646,0.007723,0.007723,0.007723
347,2461.05,0.69434,0.48068,0.96139,0.99573,1,0.995,0.85415,0.6334,0.41561,1.02522,0.0077164,0.0077164,0.0077164
348,2467.61,0.65295,0.47412,0.94757,1,0.99689,0.995,0.89942,0.56816,0.3816,0.99357,0.0077098,0.0077098,0.0077098
349,2474.28,0.69298,0.48493,0.96387,1,0.98977,0.995,0.87665,0.65647,0.51052,1.08095,0.0077032,0.0077032,0.0077032
350,2480.86,0.70485,0.50592,0.96888,0.99531,1,0.995,0.86385,0.61763,0.32505,1.00768,0.0076966,0.0076966,0.0076966
351,2487.46,0.69751,0.48189,0.96187,0.98957,1,0.995,0.82144,0.61287,0.3759,1.03211,0.00769,0.00769,0.00769
352,2494.07,0.70858,0.49559,0.96915,1,0.99818,0.995,0.82425,0.70302,0.40403,1.12976,0.0076834,0.0076834,0.0076834
353,2500.65,0.70169,0.5139,0.96856,1,0.9987,0.995,0.85362,0.62469,0.39677,1.0601,0.0076768,0.0076768,0.0076768
354,2507.33,0.69731,0.48816,0.97437,0.99636,1,0.995,0.87941,0.59264,0.32991,1.01765,0.0076702,0.0076702,0.0076702
355,2513.91,0.73067,0.51071,0.9803,1,0.9955,0.995,0.81786,0.65992,0.36165,1.00056,0.0076636,0.0076636,0.0076636
356,2520.48,0.69794,0.49792,0.97147,1,0.99484,0.995,0.83774,0.71385,0.39987,1.03967,0.007657,0.007657,0.007657
357,2527.05,0.68861,0.49695,0.96558,0.99455,0.90909,0.97571,0.83467,0.64969,0.45279,1.00876,0.0076504,0.0076504,0.0076504
358,2533.64,0.6863,0.50361,0.96615,1,0.99167,0.995,0.84349,0.61104,0.3906,0.97531,0.0076438,0.0076438,0.0076438
359,2540.2,0.72569,0.51726,0.97738,1,0.99993,0.995,0.83822,0.66737,0.38969,1.03125,0.0076372,0.0076372,0.0076372
360,2546.78,0.73456,0.50704,0.96821,0.9998,0.81818,0.97297,0.80531,0.74873,0.56762,1.09758,0.0076306,0.0076306,0.0076306
361,2553.34,0.69631,0.4857,0.97633,0.91615,0.99385,0.9725,0.78971,0.75093,0.41864,1.07118,0.007624,0.007624,0.007624
362,2559.87,0.74189,0.50212,1.00071,1,0.99882,0.995,0.83188,0.7089,0.35658,1.01191,0.0076174,0.0076174,0.0076174
363,2566.47,0.71568,0.49666,0.98898,1,0.99315,0.995,0.84218,0.69706,0.40141,1.0159,0.0076108,0.0076108,0.0076108
364,2573.04,0.69078,0.50143,0.97657,1,0.99259,0.995,0.83354,0.73567,0.38095,1.07449,0.0076042,0.0076042,0.0076042
365,2579.68,0.69327,0.49355,0.96498,1,0.99348,0.995,0.82052,0.76809,0.46078,1.11682,0.0075976,0.0075976,0.0075976
366,2586.29,0.6957,0.49214,0.96892,1,0.90852,0.98115,0.85662,0.69383,0.45309,1.10401,0.007591,0.007591,0.007591
367,2592.86,0.70469,0.50293,0.97764,1,0.90739,0.98115,0.81096,0.805,0.48743,1.17661,0.0075844,0.0075844,0.0075844
368,2599.42,0.67573,0.48369,0.96948,0.91585,0.99015,0.98,0.83706,0.73075,0.46021,1.09471,0.0075778,0.0075778,0.0075778
369,2606,0.71979,0.49055,0.97603,1,0.90271,0.96,0.79827,0.7017,0.53958,1.04938,0.0075712,0.0075712,0.0075712
370,2612.6,0.72222,0.50475,0.98527,1,0.90154,0.91875,0.75351,0.7337,0.6291,1.09649,0.0075646,0.0075646,0.0075646
371,2619.15,0.70961,0.49532,0.97514,1,0.9024,0.95711,0.76003,0.77429,0.59407,1.12431,0.007558,0.007558,0.007558
372,2625.77,0.68384,0.49291,0.96367,0.88949,0.90909,0.97297,0.79752,0.79708,0.5351,1.17494,0.0075514,0.0075514,0.0075514
373,2632.37,0.70786,0.50468,0.97115,0.91553,0.98633,0.98,0.81751,0.76402,0.57637,1.125,0.0075448,0.0075448,0.0075448
374,2639,0.70163,0.49997,0.97739,0.91604,0.99244,0.98,0.8168,0.7956,0.48274,1.12843,0.0075382,0.0075382,0.0075382
375,2645.59,0.68908,0.48102,0.95491,0.91632,0.99579,0.9725,0.77751,0.79522,0.49758,1.10386,0.0075316,0.0075316,0.0075316
376,2652.29,0.6971,0.49165,0.97672,0.98791,0.90909,0.98115,0.83998,0.65025,0.38094,0.97576,0.007525,0.007525,0.007525
377,2658.83,0.66462,0.47731,0.96235,0.91576,0.9891,0.9875,0.85142,0.63603,0.41213,0.97714,0.0075184,0.0075184,0.0075184
378,2665.42,0.69614,0.50756,0.97333,0.99221,0.90909,0.98115,0.88947,0.51074,0.35318,0.90104,0.0075118,0.0075118,0.0075118
379,2671.96,0.67525,0.49411,0.9693,0.90209,0.90909,0.97297,0.8645,0.57019,0.3832,0.93605,0.0075052,0.0075052,0.0075052
380,2678.63,0.67503,0.47072,0.96197,1,0.99723,0.995,0.84867,0.60694,0.37212,0.97174,0.0074986,0.0074986,0.0074986
381,2685.19,0.70783,0.49513,0.9771,0.91285,1,0.9875,0.90098,0.56116,0.3408,0.93179,0.007492,0.007492,0.007492
382,2691.78,0.66965,0.48489,0.97225,0.91605,0.99264,0.9875,0.90551,0.55599,0.46626,0.92543,0.0074854,0.0074854,0.0074854
383,2698.34,0.68244,0.50022,0.96048,0.91565,0.98778,0.9875,0.88368,0.55119,0.52408,0.94063,0.0074788,0.0074788,0.0074788
384,2704.91,0.67312,0.48316,0.96376,1,0.99424,0.995,0.88265,0.65723,0.40028,1.01836,0.0074722,0.0074722,0.0074722
385,2711.54,0.71173,0.50118,0.97789,1,0.99429,0.995,0.85415,0.69979,0.39775,1.09755,0.0074656,0.0074656,0.0074656
386,2718.14,0.67914,0.50653,0.96823,1,0.99482,0.995,0.84554,0.74482,0.39415,1.08643,0.007459,0.007459,0.007459
387,2724.9,0.68849,0.48942,0.96309,0.99396,0.90909,0.9875,0.8704,0.65244,0.40087,0.98467,0.0074524,0.0074524,0.0074524
388,2731.73,0.70052,0.49283,0.96045,0.99465,0.90909,0.9875,0.8341,0.65709,0.43385,1.00386,0.0074458,0.0074458,0.0074458
389,2738.42,0.68156,0.48893,0.96791,0.99209,0.90909,0.971,0.85065,0.66784,0.42956,1.05076,0.0074392,0.0074392,0.0074392
390,2745.27,0.68114,0.48675,0.96754,0.9952,0.90909,0.98115,0.88641,0.58762,0.44058,0.95679,0.0074326,0.0074326,0.0074326
391,2751.87,0.68436,0.47591,0.96499,0.99608,0.90909,0.9875,0.84841,0.64092,0.41163,1.0082,0.007426,0.007426,0.007426
392,2758.46,0.67181,0.50299,0.96649,0.99079,0.90909,0.9875,0.82948,0.72878,0.42145,1.08705,0.0074194,0.0074194,0.0074194
393,2765.09,0.6826,0.46727,0.95658,1,0.99537,0.995,0.85526,0.69277,0.38704,1.08684,0.0074128,0.0074128,0.0074128
394,2771.71,0.70088,0.49514,0.98074,1,0.9939,0.995,0.86182,0.73349,0.42912,1.13125,0.0074062,0.0074062,0.0074062
395,2778.31,0.68265,0.49401,0.97274,1,0.99484,0.995,0.86936,0.71382,0.39359,1.11141,0.0073996,0.0073996,0.0073996
396,2784.92,0.68994,0.49123,0.97296,0.99473,0.90909,0.9875,0.79875,0.74661,0.38689,1.14121,0.007393,0.007393,0.007393
397,2791.8,0.69293,0.48379,0.95463,0.99094,0.90909,0.971,0.79248,0.78228,0.47078,1.13483,0.0073864,0.0073864,0.0073864
398,2798.38,0.66772,0.47683,0.96492,0.98686,0.90909,0.97571,0.82948,0.78285,0.47804,1.11489,0.0073798,0.0073798,0.0073798
399,2804.93,0.6916,0.49421,0.95905,0.99502,0.90909,0.971,0.82155,0.78093,0.54704,1.16706,0.0073732,0.0073732,0.0073732
400,2811.62,0.66944,0.49309,0.96103,0.99477,0.90909,0.9875,0.82989,0.75954,0.45392,1.13378,0.0073666,0.0073666,0.0073666
401,2818.3,0.66712,0.47451,0.95835,1,0.9944,0.995,0.8616,0.68083,0.38142,1.11633,0.00736,0.00736,0.00736
402,2824.88,0.64317,0.45631,0.94922,1,0.9939,0.995,0.85554,0.70242,0.3892,1.06194,0.0073534,0.0073534,0.0073534
403,2831.47,0.66343,0.47537,0.95432,0.99394,0.90909,0.9875,0.86808,0.65121,0.39344,1.02075,0.0073468,0.0073468,0.0073468
404,2838.06,0.67319,0.46519,0.94751,0.9939,0.90909,0.9875,0.84454,0.71225,0.47569,1.11771,0.0073402,0.0073402,0.0073402
405,2844.63,0.66134,0.47132,0.95552,0.99369,0.90909,0.9875,0.81319,0.82967,0.47029,1.27067,0.0073336,0.0073336,0.0073336
406,2851.21,0.65514,0.47283,0.9487,1,0.99536,0.995,0.79937,0.85466,0.4114,1.31501,0.007327,0.007327,0.007327
407,2857.9,0.63827,0.45441,0.92867,1,0.99516,0.995,0.76125,0.86495,0.4491,1.29782,0.0073204,0.0073204,0.0073204
408,2864.46,0.67833,0.47958,0.94809,0.99449,0.90909,0.9875,0.85085,0.74581,0.43614,1.10985,0.0073138,0.0073138,0.0073138
409,2871.06,0.67311,0.46758,0.95336,1,0.99377,0.995,0.82725,0.68953,0.42039,1.0721,0.0073072,0.0073072,0.0073072
410,2877.67,0.66248,0.46526,0.96066,1,0.99346,0.995,0.84842,0.65759,0.40443,1.01298,0.0073006,0.0073006,0.0073006
411,2884.31,0.66283,0.47005,0.9603,1,0.99486,0.995,0.83787,0.65817,0.36611,0.99582,0.007294,0.007294,0.007294
412,2890.94,0.68883,0.49919,0.97186,1,0.99531,0.995,0.85932,0.65037,0.35742,1.00848,0.0072874,0.0072874,0.0072874
413,2897.57,0.66599,0.47343,0.96797,0.99864,1,0.995,0.88081,0.61351,0.30105,1.01486,0.0072808,0.0072808,0.0072808
414,2904.16,0.66525,0.47028,0.97032,0.99831,1,0.995,0.85302,0.69898,0.3366,1.07174,0.0072742,0.0072742,0.0072742
415,2910.78,0.62816,0.45728,0.94524,1,0.97815,0.995,0.85998,0.7004,0.40771,1.13348,0.0072676,0.0072676,0.0072676
416,2917.39,0.65763,0.47135,0.96063,1,0.90393,0.9875,0.83787,0.62602,0.36221,1.07762,0.007261,0.007261,0.007261
417,2924.06,0.66827,0.48141,0.9674,1,0.90808,0.97571,0.82179,0.65785,0.39112,1.08197,0.0072544,0.0072544,0.0072544
418,2930.75,0.67141,0.47385,0.95832,1,0.90497,0.9875,0.83436,0.61018,0.40708,1.0439,0.0072478,0.0072478,0.0072478
419,2937.33,0.68544,0.47045,0.96026,1,0.90774,0.9875,0.87796,0.55337,0.35939,1.00149,0.0072412,0.0072412,0.0072412
420,2943.96,0.65891,0.45839,0.94237,0.99255,0.90909,0.9875,0.87851,0.6217,0.35769,1.04015,0.0072346,0.0072346,0.0072346
421,2950.58,0.62607,0.44606,0.94952,1,0.99223,0.995,0.88035,0.66376,0.38319,1.07415,0.007228,0.007228,0.007228
422,2957.22,0.67278,0.47765,0.97023,0.99453,0.90909,0.9875,0.89419,0.57854,0.35546,1.01292,0.0072214,0.0072214,0.0072214
423,2963.82,0.67242,0.45957,0.95287,1,0.90527,0.97571,0.86074,0.58759,0.4076,1.02102,0.0072148,0.0072148,0.0072148
424,2970.39,0.66596,0.46505,0.9505,0.99238,0.90909,0.94036,0.84859,0.65699,0.4887,1.10927,0.0072082,0.0072082,0.0072082
425,2977,0.67261,0.47685,0.95644,0.99404,0.90909,0.93594,0.84218,0.60408,0.42221,1.03503,0.0072016,0.0072016,0.0072016
426,2983.61,0.6601,0.45959,0.95788,0.99722,0.90909,0.95,0.81837,0.66925,0.47821,1.07698,0.007195,0.007195,0.007195
427,2990.27,0.64205,0.45423,0.94336,0.99233,0.90909,0.93594,0.85644,0.68431,0.52621,1.08196,0.0071884,0.0071884,0.0071884
428,2996.83,0.63672,0.44678,0.93756,0.99411,0.90909,0.94308,0.87887,0.61574,0.51188,1.04354,0.0071818,0.0071818,0.0071818
429,3003.54,0.6712,0.47796,0.95167,0.9947,0.90909,0.95,0.8854,0.56574,0.45233,0.99328,0.0071752,0.0071752,0.0071752
430,3010.07,0.66533,0.46871,0.95292,0.99472,0.90909,0.9875,0.89178,0.58495,0.36546,0.98407,0.0071686,0.0071686,0.0071686
431,3016.68,0.69021,0.49924,0.97122,0.99455,0.90909,0.97571,0.87714,0.58967,0.36074,1.00558,0.007162,0.007162,0.007162
432,3023.23,0.67395,0.47144,0.95775,0.99382,0.90909,0.94036,0.84852,0.66679,0.47894,1.06035,0.0071554,0.0071554,0.0071554
433,3029.82,0.65148,0.46281,0.95301,0.98228,0.90909,0.96687,0.81785,0.67436,0.42743,1.04226,0.0071488,0.0071488,0.0071488
434,3036.4,0.67697,0.46967,0.95501,0.96319,0.90909,0.971,0.82809,0.64737,0.43806,1.01082,0.0071422,0.0071422,0.0071422
435,3042.97,0.63987,0.4607,0.94915,0.98815,0.90909,0.96,0.81863,0.66459,0.4508,1.03034,0.0071356,0.0071356,0.0071356
436,3049.56,0.67312,0.46934,0.95912,0.99061,0.90909,0.98115,0.84788,0.72325,0.46957,1.08564,0.007129,0.007129,0.007129
437,3056.13,0.66151,0.46646,0.95988,0.98621,0.90909,0.98115,0.83183,0.69879,0.4316,1.0821,0.0071224,0.0071224,0.0071224
438,3062.68,0.65085,0.45804,0.95141,0.99352,0.90909,0.98115,0.84486,0.65643,0.41219,1.06743,0.0071158,0.0071158,0.0071158
439,3069.31,0.66176,0.4813,0.9509,0.99633,0.90909,0.971,0.84506,0.63396,0.41905,1.03263,0.0071092,0.0071092,0.0071092
440,3075.82,0.6178,0.44465,0.93499,0.99581,0.90909,0.98115,0.84326,0.61569,0.46881,1.02806,0.0071026,0.0071026,0.0071026
441,3082.42,0.63348,0.45195,0.93589,0.99305,0.90909,0.971,0.85633,0.67809,0.47631,1.05986,0.007096,0.007096,0.007096
442,3089,0.67425,0.49139,0.96862,0.99175,0.90909,0.971,0.85389,0.64751,0.4174,1.06018,0.0070894,0.0070894,0.0070894
443,3095.6,0.63529,0.43761,0.95343,0.9921,0.90909,0.93594,0.85426,0.59654,0.40677,1.05226,0.0070828,0.0070828,0.0070828
444,3102.2,0.63612,0.44104,0.95038,0.99678,0.90909,0.93594,0.86388,0.54522,0.39727,1.02602,0.0070762,0.0070762,0.0070762
445,3108.84,0.6244,0.44719,0.94096,0.99904,0.90909,0.92975,0.86662,0.49736,0.38958,0.97673,0.0070696,0.0070696,0.0070696
446,3115.45,0.64798,0.44319,0.95438,0.99542,0.90909,0.92975,0.87666,0.49013,0.35519,0.92799,0.007063,0.007063,0.007063
447,3121.98,0.66902,0.47378,0.96267,0.99483,0.90909,0.92652,0.85695,0.57131,0.43143,0.957,0.0070564,0.0070564,0.0070564
448,3128.47,0.61681,0.42555,0.94004,0.99404,0.90909,0.92857,0.85957,0.54999,0.47249,0.93859,0.0070498,0.0070498,0.0070498
449,3135.04,0.64453,0.46497,0.95372,0.9957,0.90909,0.93594,0.86085,0.56053,0.49359,0.96988,0.0070432,0.0070432,0.0070432
450,3141.75,0.66898,0.46936,0.96586,0.99439,0.90909,0.938,0.83545,0.6475,0.44448,1.01522,0.0070366,0.0070366,0.0070366
451,3148.24,0.67344,0.47955,0.95809,0.99456,0.90909,0.95711,0.80473,0.7316,0.40998,1.08792,0.00703,0.00703,0.00703
452,3154.82,0.65726,0.4759,0.94444,1,0.99417,0.995,0.80156,0.7405,0.3584,1.10126,0.0070234,0.0070234,0.0070234
453,3161.42,0.6591,0.44295,0.94474,1,0.99434,0.995,0.81185,0.69791,0.36068,1.09669,0.0070168,0.0070168,0.0070168
454,3168.02,0.6315,0.45661,0.93643,0.99448,0.90909,0.98115,0.84598,0.66462,0.39588,1.06803,0.0070102,0.0070102,0.0070102
455,3174.63,0.65845,0.44767,0.95486,1,0.90662,0.93412,0.8227,0.66824,0.45152,1.07719,0.0070036,0.0070036,0.0070036
456,3181.18,0.67013,0.46871,0.95824,0.99413,0.90909,0.93105,0.85638,0.60556,0.5028,1.02054,0.006997,0.006997,0.006997
457,3187.73,0.62006,0.44652,0.94027,0.99379,0.90909,0.96324,0.85333,0.60804,0.42764,0.98738,0.0069904,0.0069904,0.0069904
458,3194.32,0.63472,0.468,0.94714,0.99393,0.90909,0.96687,0.86628,0.62721,0.42512,1.02281,0.0069838,0.0069838,0.0069838
459,3200.95,0.6593,0.46123,0.94218,0.99461,0.90909,0.96687,0.85412,0.6387,0.46765,1.0331,0.0069772,0.0069772,0.0069772
460,3207.48,0.63117,0.46037,0.93696,0.99767,0.90909,0.97571,0.85803,0.6543,0.47884,1.07169,0.0069706,0.0069706,0.0069706
461,3214.14,0.65296,0.44844,0.95197,1,0.98395,0.995,0.8431,0.72871,0.50343,1.15449,0.006964,0.006964,0.006964
462,3220.73,0.63322,0.44502,0.94054,0.99521,0.90909,0.98115,0.81493,0.8159,0.52515,1.20126,0.0069574,0.0069574,0.0069574
463,3227.27,0.635,0.46293,0.95653,0.99416,0.90909,0.96324,0.83868,0.67955,0.46965,1.10489,0.0069508,0.0069508,0.0069508
464,3233.86,0.6247,0.43598,0.94337,0.99426,0.90909,0.971,0.84127,0.69395,0.49279,1.111,0.0069442,0.0069442,0.0069442
465,3240.39,0.64019,0.43992,0.94594,1,0.90909,0.9545,0.85379,0.66841,0.50001,1.08056,0.0069376,0.0069376,0.0069376
466,3247,0.6575,0.45861,0.958,0.99469,0.90909,0.94308,0.82365,0.71047,0.4941,1.10176,0.006931,0.006931,0.006931
467,3253.57,0.62968,0.43834,0.95134,0.99458,0.90909,0.96687,0.82704,0.67425,0.4328,1.06185,0.0069244,0.0069244,0.0069244
468,3260.14,0.65054,0.4663,0.95277,0.99446,0.90909,0.93594,0.83835,0.65017,0.4181,1.0212,0.0069178,0.0069178,0.0069178
469,3266.71,0.62705,0.44451,0.95581,0.99444,0.90909,0.96324,0.84855,0.59934,0.36397,0.97272,0.0069112,0.0069112,0.0069112
470,3273.35,0.64677,0.43661,0.95311,0.99769,0.90909,0.93105,0.8529,0.56418,0.40407,0.97123,0.0069046,0.0069046,0.0069046
471,3279.97,0.69778,0.49676,0.96419,0.9992,0.90909,0.94036,0.88068,0.58355,0.46896,0.98881,0.006898,0.006898,0.006898
472,3286.68,0.59894,0.43045,0.94009,0.99503,0.90909,0.94625,0.86994,0.61664,0.47829,1.01766,0.0068914,0.0068914,0.0068914
473,3293.31,0.60753,0.43446,0.93668,0.9943,0.90909,0.95,0.87439,0.60426,0.48209,1.01705,0.0068848,0.0068848,0.0068848
474,3299.88,0.64208,0.45702,0.95104,0.99425,0.90909,0.94625,0.8587,0.622,0.46683,1.02393,0.0068782,0.0068782,0.0068782
475,3306.42,0.62285,0.44327,0.93311,0.99369,0.90909,0.94625,0.87366,0.61025,0.44342,1.00396,0.0068716,0.0068716,0.0068716
476,3313,0.60353,0.43484,0.93429,0.99428,0.90909,0.94036,0.86779,0.55598,0.40746,0.96268,0.006865,0.006865,0.006865
477,3319.57,0.6299,0.4373,0.94468,0.99412,0.90909,0.93412,0.86059,0.59376,0.49165,0.99316,0.0068584,0.0068584,0.0068584
478,3326.2,0.63245,0.45132,0.93619,0.99477,0.90909,0.938,0.85576,0.61785,0.49912,0.99287,0.0068518,0.0068518,0.0068518
479,3332.76,0.6344,0.44417,0.9468,0.9947,0.90909,0.94036,0.84095,0.64287,0.47276,0.99447,0.0068452,0.0068452,0.0068452
480,3339.35,0.63403,0.4452,0.94416,0.99423,0.90909,0.938,0.8363,0.68592,0.4576,1.04939,0.0068386,0.0068386,0.0068386
481,3346.05,0.63745,0.45102,0.94984,0.99425,0.90909,0.938,0.84711,0.67676,0.49478,1.07985,0.006832,0.006832,0.006832
482,3352.68,0.61951,0.45636,0.93573,0.99424,0.90909,0.94308,0.84927,0.61694,0.4235,1.03007,0.0068254,0.0068254,0.0068254
483,3359.34,0.61341,0.43389,0.92276,0.99711,0.90909,0.94036,0.89236,0.54109,0.39478,0.95757,0.0068188,0.0068188,0.0068188
484,3365.92,0.64195,0.44201,0.93822,1,0.90221,0.94625,0.88403,0.59413,0.57426,1.02397,0.0068122,0.0068122,0.0068122
485,3372.43,0.63625,0.45363,0.94232,1,0.89286,0.94308,0.85007,0.63881,0.624,1.073,0.0068056,0.0068056,0.0068056
486,3379.03,0.63063,0.43746,0.94109,1,0.90013,0.94625,0.82686,0.77608,0.62306,1.18278,0.006799,0.006799,0.006799
487,3385.67,0.62404,0.44122,0.94498,1,0.90232,0.938,0.80307,0.84267,0.56985,1.23037,0.0067924,0.0067924,0.0067924
488,3392.29,0.61908,0.44245,0.93661,1,0.902,0.93594,0.836,0.74017,0.59546,1.13033,0.0067858,0.0067858,0.0067858
489,3398.87,0.61831,0.44606,0.94345,1,0.89996,0.94036,0.85081,0.68646,0.5347,1.09196,0.0067792,0.0067792,0.0067792
490,3405.49,0.63449,0.45364,0.95288,1,0.89244,0.9325,0.81951,0.64469,0.53907,1.07804,0.0067726,0.0067726,0.0067726
491,3412.12,0.62347,0.42751,0.94021,0.98405,0.90909,0.93594,0.84041,0.58922,0.48411,1.0642,0.006766,0.006766,0.006766
492,3418.65,0.64037,0.44922,0.9459,0.99102,0.90909,0.93594,0.85645,0.63559,0.55211,1.10907,0.0067594,0.0067594,0.0067594
493,3425.25,0.62941,0.4288,0.94671,0.90052,0.90909,0.92432,0.82044,0.68798,0.63829,1.15926,0.0067528,0.0067528,0.0067528
494,3431.76,0.6246,0.43228,0.93485,1,0.90377,0.938,0.83312,0.70677,0.62177,1.1865,0.0067462,0.0067462,0.0067462
495,3438.27,0.64268,0.4504,0.94518,1,0.90386,0.93594,0.83584,0.67511,0.54745,1.09512,0.0067396,0.0067396,0.0067396
496,3444.87,0.62619,0.43787,0.94413,0.99291,0.90909,0.938,0.79978,0.67061,0.47239,1.03722,0.006733,0.006733,0.006733
497,3451.44,0.65124,0.44638,0.9436,0.99446,0.90909,0.97571,0.83495,0.67032,0.42687,1.01999,0.0067264,0.0067264,0.0067264
498,3458.08,0.60739,0.43892,0.93235,0.99389,0.90909,0.938,0.82963,0.66899,0.46203,1.0474,0.0067198,0.0067198,0.0067198
499,3464.64,0.60953,0.43576,0.9346,0.99953,0.90909,0.93412,0.80468,0.67932,0.55124,1.07526,0.0067132,0.0067132,0.0067132
500,3471.27,0.65171,0.44914,0.94808,0.9929,0.90909,0.93412,0.84278,0.68181,0.56806,1.07002,0.0067066,0.0067066,0.0067066
501,3477.83,0.61444,0.44177,0.95048,0.99414,0.90909,0.93412,0.83042,0.6615,0.53973,1.03886,0.0067,0.0067,0.0067
502,3484.57,0.60808,0.41776,0.9441,0.99473,0.90909,0.9325,0.82262,0.65512,0.49891,1.04837,0.0066934,0.0066934,0.0066934
503,3491.14,0.64708,0.44431,0.94488,0.99345,0.90909,0.93412,0.77077,0.75117,0.50492,1.19421,0.0066868,0.0066868,0.0066868
504,3497.78,0.6171,0.42961,0.93554,0.99674,0.90909,0.92975,0.76122,0.83494,0.54527,1.25237,0.0066802,0.0066802,0.0066802
505,3504.32,0.60869,0.43134,0.93751,0.99841,0.90909,0.9875,0.79315,0.78799,0.43543,1.22085,0.0066736,0.0066736,0.0066736
506,3510.91,0.62938,0.44261,0.94282,1,0.98398,0.995,0.81375,0.81328,0.42275,1.25238,0.006667,0.006667,0.006667
507,3517.46,0.61108,0.43553,0.93769,1,0.98441,0.995,0.82415,0.78889,0.43244,1.20682,0.0066604,0.0066604,0.0066604
508,3524.08,0.62989,0.43544,0.94498,1,0.9063,0.98115,0.84019,0.72227,0.45363,1.11327,0.0066538,0.0066538,0.0066538
509,3530.66,0.62668,0.44055,0.92901,0.99442,0.90909,0.93594,0.82662,0.74269,0.468,1.07082,0.0066472,0.0066472,0.0066472
510,3537.31,0.6403,0.43893,0.94051,0.99264,0.90909,0.93412,0.78053,0.77812,0.48973,1.08818,0.0066406,0.0066406,0.0066406
511,3543.98,0.64744,0.44316,0.95229,0.99773,0.90909,0.9325,0.80903,0.74954,0.53442,1.07418,0.006634,0.006634,0.006634
512,3550.5,0.62347,0.43987,0.92846,1,0.90568,0.93594,0.79356,0.78024,0.5791,1.11081,0.0066274,0.0066274,0.0066274
513,3557.08,0.6043,0.42922,0.9344,1,0.90468,0.93594,0.7882,0.79446,0.52679,1.1204,0.0066208,0.0066208,0.0066208
514,3563.66,0.64722,0.45922,0.95293,1,0.90471,0.94036,0.80432,0.79672,0.45288,1.11618,0.0066142,0.0066142,0.0066142
515,3570.25,0.62032,0.43303,0.94242,1,0.90513,0.9875,0.8408,0.72232,0.46402,1.08697,0.0066076,0.0066076,0.0066076
516,3576.85,0.61643,0.42472,0.93703,1,0.99208,0.995,0.85981,0.63851,0.39535,1.06359,0.006601,0.006601,0.006601
517,3583.4,0.61322,0.41499,0.93862,1,0.99405,0.995,0.87793,0.60628,0.35367,1.04597,0.0065944,0.0065944,0.0065944
518,3589.96,0.63621,0.43531,0.93682,1,0.99554,0.995,0.88622,0.60172,0.33687,1.03184,0.0065878,0.0065878,0.0065878
519,3596.62,0.64259,0.44321,0.95685,1,0.99423,0.995,0.88809,0.57146,0.33641,1.01376,0.0065812,0.0065812,0.0065812
520,3603.22,0.61517,0.43671,0.93297,0.99545,0.90909,0.9875,0.88809,0.57406,0.3815,0.99602,0.0065746,0.0065746,0.0065746
521,3609.9,0.64785,0.43278,0.94762,0.99536,0.90909,0.9875,0.89074,0.57037,0.4109,0.9678,0.006568,0.006568,0.006568
522,3616.48,0.61679,0.44178,0.94836,0.99472,0.90909,0.9875,0.88835,0.56166,0.39497,0.95752,0.0065614,0.0065614,0.0065614
523,3623.03,0.61037,0.43256,0.93203,0.99405,0.90909,0.9875,0.89465,0.53929,0.35059,0.94996,0.0065548,0.0065548,0.0065548
524,3629.58,0.6088,0.42565,0.92644,0.99467,0.90909,0.9875,0.88689,0.57593,0.38102,0.97801,0.0065482,0.0065482,0.0065482
525,3636.19,0.59165,0.43609,0.93141,0.99465,0.90909,0.9875,0.86845,0.66305,0.3816,1.05351,0.0065416,0.0065416,0.0065416
526,3642.74,0.62275,0.42623,0.92764,0.99432,0.90909,0.9875,0.86268,0.6525,0.40008,1.04236,0.006535,0.006535,0.006535
527,3649.38,0.60282,0.42079,0.93359,1,0.99339,0.995,0.84369,0.66048,0.38871,1.06284,0.0065284,0.0065284,0.0065284
528,3655.94,0.61296,0.43991,0.94133,1,0.99035,0.995,0.80973,0.66527,0.44112,1.05465,0.0065218,0.0065218,0.0065218
529,3662.56,0.62269,0.42922,0.94405,0.99404,0.90909,0.9875,0.8219,0.70316,0.45322,1.06655,0.0065152,0.0065152,0.0065152
530,3669.07,0.55585,0.40175,0.91697,0.99591,0.90909,0.93594,0.80923,0.73225,0.47565,1.05911,0.0065086,0.0065086,0.0065086
531,3675.71,0.59002,0.40975,0.93559,0.99645,0.90909,0.938,0.80435,0.74297,0.49609,1.07425,0.006502,0.006502,0.006502
532,3682.35,0.63301,0.44639,0.94605,0.99472,0.90909,0.938,0.80467,0.7606,0.46468,1.08167,0.0064954,0.0064954,0.0064954
533,3688.95,0.61097,0.44325,0.93045,0.99417,0.90909,0.94036,0.84537,0.6659,0.46766,1.03058,0.0064888,0.0064888,0.0064888
534,3695.47,0.62003,0.41972,0.93185,0.99338,0.90909,0.93412,0.83993,0.60256,0.46563,0.99295,0.0064822,0.0064822,0.0064822
535,3702.07,0.62941,0.4446,0.94066,1,0.90545,0.938,0.85517,0.56874,0.49193,0.99193,0.0064756,0.0064756,0.0064756
536,3708.65,0.62306,0.44313,0.93803,0.99505,0.90909,0.94036,0.87288,0.57518,0.4727,1.01258,0.006469,0.006469,0.006469
537,3715.25,0.60162,0.4175,0.92465,0.99289,0.90909,0.94308,0.86036,0.56656,0.45357,1.02351,0.0064624,0.0064624,0.0064624
538,3721.82,0.61129,0.44051,0.92912,0.99604,0.90909,0.94308,0.86111,0.55829,0.41182,1.02001,0.0064558,0.0064558,0.0064558
539,3728.42,0.60948,0.43825,0.94666,0.99772,0.90909,0.98115,0.89188,0.5239,0.36683,0.97199,0.0064492,0.0064492,0.0064492
540,3735.05,0.60743,0.42406,0.93374,0.99279,0.90909,0.98115,0.90407,0.49608,0.34053,0.94594,0.0064426,0.0064426,0.0064426
541,3741.66,0.58822,0.42173,0.93302,0.99312,0.90909,0.97571,0.90003,0.49655,0.35616,0.94707,0.006436,0.006436,0.006436
542,3748.27,0.62499,0.43607,0.94278,0.99338,0.90909,0.94308,0.90118,0.53291,0.39253,0.98465,0.0064294,0.0064294,0.0064294
543,3754.98,0.62043,0.45091,0.94049,0.99308,0.90909,0.93594,0.87562,0.59448,0.41666,1.10634,0.0064228,0.0064228,0.0064228
544,3761.61,0.63666,0.4478,0.94723,0.99128,0.90909,0.96687,0.87084,0.57352,0.38144,1.06782,0.0064162,0.0064162,0.0064162
545,3768.17,0.60217,0.41659,0.93017,0.98831,0.90909,0.9275,0.87046,0.51541,0.35736,1.01925,0.0064096,0.0064096,0.0064096
546,3774.72,0.63016,0.43832,0.9275,0.99292,0.90909,0.93105,0.89234,0.44886,0.35709,0.99639,0.006403,0.006403,0.006403
547,3781.23,0.60278,0.43755,0.93411,0.99415,0.90909,0.9325,0.91071,0.46781,0.40046,1.04786,0.0063964,0.0063964,0.0063964
548,3787.83,0.6052,0.41438,0.92984,0.99114,0.90909,0.93594,0.87686,0.54125,0.48766,1.12604,0.0063898,0.0063898,0.0063898
549,3794.39,0.6171,0.43448,0.94327,0.95219,0.90909,0.93412,0.85074,0.65768,0.56896,1.27878,0.0063832,0.0063832,0.0063832
550,3801.01,0.5641,0.40406,0.91586,0.97449,0.90909,0.93594,0.85072,0.73695,0.63079,1.35659,0.0063766,0.0063766,0.0063766
551,3807.53,0.58453,0.42336,0.9273,0.98444,0.90909,0.93594,0.84921,0.63097,0.50923,1.11081,0.00637,0.00637,0.00637
552,3814.1,0.60438,0.43776,0.93319,0.91449,0.97389,0.9875,0.84444,0.61523,0.46572,1.05627,0.0063634,0.0063634,0.0063634
553,3820.83,0.60839,0.41639,0.93299,0.91519,0.98224,0.9875,0.84592,0.64554,0.45993,1.09457,0.0063568,0.0063568,0.0063568
554,3827.5,0.59769,0.41847,0.93058,0.99262,0.90909,0.9875,0.84876,0.63976,0.42916,1.07054,0.0063502,0.0063502,0.0063502
555,3834.01,0.56577,0.39509,0.91921,0.99442,0.90909,0.98115,0.86551,0.63468,0.41992,1.05384,0.0063436,0.0063436,0.0063436
556,3840.55,0.58404,0.40208,0.92199,0.9939,0.90909,0.9875,0.86628,0.6152,0.38134,1.03037,0.006337,0.006337,0.006337
557,3847.08,0.58732,0.41826,0.93749,0.9937,0.90909,0.9875,0.87945,0.58152,0.35213,0.98287,0.0063304,0.0063304,0.0063304
558,3853.68,0.60163,0.41322,0.94229,0.99463,0.90909,0.9875,0.89153,0.54511,0.3436,0.95,0.0063238,0.0063238,0.0063238
559,3860.31,0.6175,0.43915,0.93675,0.9941,0.90909,0.9875,0.89383,0.58239,0.37387,0.95907,0.0063172,0.0063172,0.0063172
560,3866.86,0.58961,0.44151,0.93306,0.99487,0.90909,0.9875,0.8702,0.59159,0.36819,0.98096,0.0063106,0.0063106,0.0063106
561,3873.39,0.59508,0.43283,0.91968,0.9972,0.90909,0.9875,0.86128,0.60716,0.36912,1.01362,0.006304,0.006304,0.006304
562,3879.94,0.60315,0.43522,0.95631,0.99896,0.90909,0.9875,0.87961,0.59505,0.38594,1.00576,0.0062974,0.0062974,0.0062974
563,3886.49,0.62101,0.42127,0.95187,0.99582,0.90909,0.98115,0.88246,0.58367,0.3924,0.98556,0.0062908,0.0062908,0.0062908
564,3893.17,0.60775,0.43444,0.93411,1,0.90801,0.98115,0.86457,0.61584,0.40378,0.97995,0.0062842,0.0062842,0.0062842
565,3899.77,0.60595,0.41886,0.93533,0.99863,0.90909,0.97571,0.87522,0.61679,0.40934,0.98845,0.0062776,0.0062776,0.0062776
566,3906.33,0.59203,0.423,0.9236,0.998,0.90909,0.98115,0.86559,0.62032,0.41608,1.00003,0.006271,0.006271,0.006271
567,3912.95,0.58573,0.43356,0.92269,0.99713,0.90909,0.94308,0.86037,0.60571,0.42016,0.97499,0.0062644,0.0062644,0.0062644
568,3919.47,0.58285,0.40783,0.91034,0.99998,0.90909,0.94308,0.8721,0.6017,0.42555,0.96706,0.0062578,0.0062578,0.0062578
569,3926.03,0.58856,0.42385,0.92177,1,0.90742,0.94308,0.8721,0.59666,0.42167,0.97693,0.0062512,0.0062512,0.0062512
570,3932.6,0.59111,0.41362,0.92602,1,0.90779,0.97571,0.85939,0.59446,0.41525,0.98899,0.0062446,0.0062446,0.0062446
571,3939.22,0.61887,0.43199,0.94779,1,0.90583,0.98115,0.88022,0.58235,0.44758,1.00264,0.006238,0.006238,0.006238
572,3945.82,0.59095,0.42303,0.92604,1,0.90493,0.98115,0.88022,0.60046,0.48642,1.01696,0.0062314,0.0062314,0.0062314
573,3952.43,0.58618,0.4237,0.93413,1,0.90673,0.97571,0.84984,0.61337,0.46085,1.01679,0.0062248,0.0062248,0.0062248
574,3959.1,0.57343,0.41834,0.92967,1,0.9085,0.971,0.84158,0.60894,0.43194,1.02194,0.0062182,0.0062182,0.0062182
575,3965.67,0.59851,0.41282,0.93756,0.99687,0.90909,0.96324,0.84495,0.60409,0.38346,1.03407,0.0062116,0.0062116,0.0062116
576,3972.19,0.59522,0.41594,0.93001,0.99526,0.90909,0.97571,0.84829,0.61326,0.3777,1.04428,0.006205,0.006205,0.006205
577,3978.83,0.581,0.41334,0.92191,0.9955,0.90909,0.9875,0.84456,0.63499,0.38651,1.07033,0.0061984,0.0061984,0.0061984
578,3985.35,0.59225,0.42452,0.92034,0.99476,0.90909,0.971,0.79429,0.72684,0.42992,1.14629,0.0061918,0.0061918,0.0061918
579,3991.96,0.57275,0.40252,0.92794,0.9949,0.90909,0.9875,0.79776,0.732,0.38172,1.22185,0.0061852,0.0061852,0.0061852
580,3998.6,0.60154,0.41356,0.93559,0.99462,0.90909,0.9875,0.82872,0.68921,0.37359,1.16769,0.0061786,0.0061786,0.0061786
581,4005.18,0.58377,0.40319,0.92547,0.99438,0.90909,0.9875,0.80848,0.68607,0.39868,1.15325,0.006172,0.006172,0.006172
582,4011.78,0.57788,0.4016,0.92093,0.99423,0.90909,0.9875,0.82031,0.72306,0.43293,1.17653,0.0061654,0.0061654,0.0061654
583,4018.33,0.60451,0.4267,0.95055,0.99376,0.90909,0.98115,0.8378,0.7168,0.43645,1.15893,0.0061588,0.0061588,0.0061588
584,4024.92,0.58913,0.41127,0.9236,0.99445,0.90909,0.98115,0.83919,0.71039,0.45023,1.13409,0.0061522,0.0061522,0.0061522
585,4031.59,0.56448,0.40534,0.90659,0.99879,0.90909,0.98115,0.84275,0.70862,0.46177,1.11048,0.0061456,0.0061456,0.0061456
586,4038.12,0.58203,0.40769,0.91515,0.99597,0.90909,0.9875,0.85447,0.71049,0.42924,1.08138,0.006139,0.006139,0.006139
587,4044.69,0.58698,0.41702,0.92336,0.91584,0.99013,0.9875,0.85357,0.71263,0.41702,1.06724,0.0061324,0.0061324,0.0061324
588,4051.28,0.57765,0.41695,0.92891,0.91555,0.98659,0.9875,0.86974,0.68512,0.4023,1.03277,0.0061258,0.0061258,0.0061258
589,4057.82,0.58464,0.42505,0.9197,0.9938,0.90909,0.9875,0.86055,0.67724,0.39185,1.01548,0.0061192,0.0061192,0.0061192
590,4064.41,0.58193,0.40491,0.93054,0.99375,0.90909,0.9875,0.84459,0.65244,0.37508,0.99688,0.0061126,0.0061126,0.0061126
591,4070.95,0.59213,0.40963,0.92288,0.99382,0.90909,0.9875,0.87002,0.60105,0.36787,0.96646,0.006106,0.006106,0.006106
592,4077.53,0.58318,0.42831,0.93155,0.99366,0.90909,0.9875,0.87894,0.60373,0.35022,0.97318,0.0060994,0.0060994,0.0060994
593,4084.15,0.55951,0.41652,0.93465,1,0.99243,0.995,0.87954,0.63424,0.36113,0.98734,0.0060928,0.0060928,0.0060928
594,4090.7,0.58558,0.41031,0.93892,1,0.99313,0.995,0.85336,0.7092,0.3767,1.07235,0.0060862,0.0060862,0.0060862
595,4097.32,0.5954,0.42192,0.92308,0.99291,1,0.995,0.83823,0.72373,0.39063,1.15688,0.0060796,0.0060796,0.0060796
596,4103.95,0.57163,0.39402,0.9147,0.96898,1,0.995,0.84335,0.73829,0.43623,1.16572,0.006073,0.006073,0.006073
597,4110.55,0.56022,0.39248,0.91368,1,0.93394,0.995,0.84622,0.75805,0.49274,1.17127,0.0060664,0.0060664,0.0060664
598,4117.23,0.57061,0.38687,0.92169,1,0.90568,0.995,0.82035,0.72699,0.52898,1.12575,0.0060598,0.0060598,0.0060598
599,4123.9,0.60537,0.42139,0.93497,1,0.9037,0.9875,0.83434,0.72179,0.4964,1.11851,0.0060532,0.0060532,0.0060532
600,4130.49,0.59043,0.40898,0.92521,1,0.90675,0.9875,0.84262,0.75072,0.47793,1.15151,0.0060466,0.0060466,0.0060466
601,4137.06,0.60629,0.42653,0.93859,1,0.90686,0.98115,0.82843,0.74712,0.5076,1.15461,0.00604,0.00604,0.00604
602,4143.59,0.58397,0.41892,0.92696,0.99944,0.90909,0.9875,0.8243,0.76498,0.50718,1.17571,0.0060334,0.0060334,0.0060334
603,4150.18,0.58192,0.40078,0.92465,0.99682,0.90909,0.94625,0.84228,0.75685,0.50398,1.2266,0.0060268,0.0060268,0.0060268
604,4156.84,0.57431,0.40676,0.91683,0.99721,0.90909,0.95,0.82734,0.81338,0.55795,1.29063,0.0060202,0.0060202,0.0060202
605,4163.49,0.57224,0.39703,0.9208,0.99466,0.90909,0.95,0.82271,0.81125,0.56994,1.28807,0.0060136,0.0060136,0.0060136
606,4170.15,0.58293,0.41402,0.93396,0.99386,0.90909,0.94625,0.82122,0.72837,0.45628,1.13662,0.006007,0.006007,0.006007
607,4176.71,0.59175,0.41842,0.9332,0.99408,0.90909,0.94625,0.83979,0.68712,0.4236,1.09422,0.0060004,0.0060004,0.0060004
608,4183.41,0.59193,0.42651,0.93991,0.99426,0.90909,0.94308,0.84061,0.65003,0.44048,1.06383,0.0059938,0.0059938,0.0059938
609,4190.02,0.57355,0.38458,0.91994,0.99692,0.90909,0.94625,0.83692,0.63785,0.47988,1.06257,0.0059872,0.0059872,0.0059872
610,4196.61,0.56294,0.39097,0.92447,1,0.90248,0.95,0.83381,0.69665,0.59162,1.13585,0.0059806,0.0059806,0.0059806
611,4203.22,0.56485,0.40476,0.92581,0.9939,0.81818,0.93807,0.79346,0.72956,0.64268,1.17989,0.005974,0.005974,0.005974
612,4209.82,0.58755,0.3951,0.9198,1,0.90301,0.94625,0.82365,0.71666,0.58691,1.16664,0.0059674,0.0059674,0.0059674
613,4216.45,0.58372,0.42039,0.93514,1,0.90668,0.94308,0.83562,0.74346,0.51818,1.17812,0.0059608,0.0059608,0.0059608
614,4222.97,0.59667,0.41627,0.94666,1,0.90583,0.94308,0.83701,0.72037,0.51367,1.17923,0.0059542,0.0059542,0.0059542
615,4229.54,0.57635,0.40346,0.92526,1,0.9041,0.94308,0.83129,0.69607,0.53432,1.17707,0.0059476,0.0059476,0.0059476
616,4236.11,0.58688,0.41087,0.9191,1,0.90574,0.94308,0.83129,0.71633,0.49509,1.172,0.005941,0.005941,0.005941
617,4242.76,0.58042,0.38908,0.92401,1,0.90563,0.94308,0.83183,0.69587,0.50937,1.13892,0.0059344,0.0059344,0.0059344
618,4249.29,0.56617,0.3864,0.92328,1,0.90417,0.94308,0.8184,0.69155,0.53651,1.13034,0.0059278,0.0059278,0.0059278
619,4255.89,0.5682,0.40334,0.91832,1,0.90427,0.94625,0.83758,0.67349,0.50683,1.10558,0.0059212,0.0059212,0.0059212
620,4262.48,0.58001,0.40012,0.92295,0.99967,0.90909,0.98115,0.84113,0.66394,0.45088,1.0809,0.0059146,0.0059146,0.0059146
621,4269.11,0.542,0.39196,0.9163,0.99735,0.90909,0.98115,0.86523,0.65361,0.4483,1.06518,0.005908,0.005908,0.005908
622,4275.68,0.583,0.40154,0.91388,0.9083,0.90113,0.97297,0.86662,0.616,0.48407,1.01648,0.0059014,0.0059014,0.0059014
623,4282.27,0.54601,0.37683,0.90442,1,0.81768,0.96753,0.86895,0.62802,0.49219,1.01632,0.0058948,0.0058948,0.0058948
624,4288.84,0.57875,0.39389,0.92768,1,0.89956,0.971,0.8554,0.66604,0.51625,1.04771,0.0058882,0.0058882,0.0058882
625,4295.42,0.56083,0.40613,0.91995,1,0.90144,0.96324,0.84802,0.65961,0.49269,1.05105,0.0058816,0.0058816,0.0058816
626,4302.01,0.56709,0.39371,0.91682,0.99927,0.90909,0.971,0.84957,0.654,0.44419,1.04066,0.005875,0.005875,0.005875
627,4308.7,0.5551,0.38711,0.91197,0.9947,0.90909,0.97571,0.86628,0.65422,0.42439,1.05037,0.0058684,0.0058684,0.0058684
628,4315.25,0.60569,0.42099,0.93854,0.99358,0.90909,0.971,0.85411,0.6433,0.40305,1.0478,0.0058618,0.0058618,0.0058618
629,4321.87,0.54878,0.37361,0.91221,0.99387,0.90909,0.96687,0.84923,0.64457,0.40489,1.03732,0.0058552,0.0058552,0.0058552
630,4328.46,0.56818,0.40728,0.92171,0.99497,0.90909,0.93594,0.85259,0.65393,0.44135,1.03951,0.0058486,0.0058486,0.0058486
631,4335.09,0.55046,0.39295,0.91589,0.99562,0.90909,0.9325,0.8535,0.66542,0.4302,1.03324,0.005842,0.005842,0.005842
632,4341.71,0.58249,0.40321,0.92663,0.99571,0.90909,0.96687,0.83745,0.67608,0.42576,1.03245,0.0058354,0.0058354,0.0058354
633,4348.28,0.55918,0.39058,0.92508,0.99515,0.90909,0.971,0.81699,0.67066,0.38808,1.01658,0.0058288,0.0058288,0.0058288
634,4354.84,0.58073,0.40813,0.92615,0.9951,0.90909,0.96687,0.80478,0.70275,0.40608,1.04588,0.0058222,0.0058222,0.0058222
635,4361.35,0.59933,0.42656,0.92779,0.99595,0.90909,0.96687,0.83198,0.67817,0.36813,1.03015,0.0058156,0.0058156,0.0058156
636,4367.89,0.57488,0.39768,0.92016,0.99668,0.90909,0.96687,0.83289,0.70492,0.41048,1.06356,0.005809,0.005809,0.005809
637,4374.43,0.56109,0.38357,0.90637,0.99568,0.90909,0.97571,0.84556,0.71447,0.42751,1.08088,0.0058024,0.0058024,0.0058024
638,4381.12,0.57277,0.39371,0.9199,0.99556,0.90909,0.98115,0.85367,0.67427,0.39402,1.045,0.0057958,0.0057958,0.0057958
639,4387.68,0.54798,0.38587,0.91273,0.99552,0.90909,0.98115,0.86202,0.67031,0.40334,1.04199,0.0057892,0.0057892,0.0057892
640,4394.26,0.55914,0.38898,0.92758,0.99465,0.90909,0.9875,0.85198,0.67894,0.39954,1.04806,0.0057826,0.0057826,0.0057826
641,4400.81,0.55585,0.39276,0.91816,0.9942,0.90909,0.9875,0.85543,0.69837,0.40708,1.05991,0.005776,0.005776,0.005776
642,4407.43,0.58743,0.40176,0.93644,0.99415,0.90909,0.9875,0.86016,0.70792,0.43082,1.05723,0.0057694,0.0057694,0.0057694
643,4414.05,0.57181,0.39779,0.93123,0.99419,0.90909,0.9875,0.85262,0.69252,0.43679,1.04617,0.0057628,0.0057628,0.0057628
644,4420.6,0.57349,0.40676,0.9283,0.9941,0.90909,0.9875,0.86397,0.66848,0.44909,1.03917,0.0057562,0.0057562,0.0057562
645,4427.14,0.54796,0.39005,0.92101,0.99412,0.90909,0.9875,0.85997,0.65138,0.42954,1.03168,0.0057496,0.0057496,0.0057496
646,4433.71,0.57845,0.40197,0.92861,0.99421,0.90909,0.9875,0.86995,0.6514,0.42678,1.03131,0.005743,0.005743,0.005743
647,4440.29,0.53084,0.37088,0.91098,0.99406,0.90909,0.9875,0.86772,0.64476,0.43412,1.02519,0.0057364,0.0057364,0.0057364
648,4446.83,0.55784,0.38188,0.91111,0.9933,0.90909,0.9875,0.87287,0.64813,0.45117,1.02834,0.0057298,0.0057298,0.0057298
649,4453.44,0.56369,0.39012,0.92191,1,0.90776,0.98115,0.87061,0.66443,0.48898,1.04076,0.0057232,0.0057232,0.0057232
650,4459.98,0.55781,0.38435,0.91618,1,0.90312,0.98115,0.87353,0.67229,0.53958,1.05431,0.0057166,0.0057166,0.0057166
651,4466.54,0.58762,0.39819,0.93006,1,0.90261,0.97571,0.85651,0.65105,0.5574,1.0367,0.00571,0.00571,0.00571
652,4473.07,0.55373,0.39197,0.90995,1,0.90541,0.94308,0.84932,0.60404,0.54914,1.00559,0.0057034,0.0057034,0.0057034
653,4479.63,0.55875,0.38486,0.91673,0.9922,0.90909,0.94308,0.86173,0.5902,0.57177,1.01069,0.0056968,0.0056968,0.0056968
654,4486.2,0.56494,0.4048,0.91288,0.99535,0.90909,0.94036,0.86338,0.57447,0.58516,1.01231,0.0056902,0.0056902,0.0056902
655,4492.77,0.58507,0.40816,0.92821,1,0.90084,0.94308,0.86661,0.59482,0.61854,1.0315,0.0056836,0.0056836,0.0056836
656,4499.35,0.54813,0.40387,0.911,1,0.90058,0.94036,0.87278,0.58545,0.60792,1.01213,0.005677,0.005677,0.005677
657,4505.93,0.54067,0.38513,0.91316,1,0.9031,0.94036,0.87278,0.59323,0.58901,1.00829,0.0056704,0.0056704,0.0056704
658,4512.54,0.54493,0.37961,0.9163,1,0.90506,0.94308,0.86391,0.59741,0.54608,1.00123,0.0056638,0.0056638,0.0056638
659,4519.11,0.5637,0.40059,0.92082,1,0.90748,0.94308,0.86391,0.60297,0.49589,1.00415,0.0056572,0.0056572,0.0056572
660,4525.67,0.5649,0.4026,0.91885,1,0.9082,0.94308,0.87612,0.61393,0.49801,1.0156,0.0056506,0.0056506,0.0056506
661,4532.31,0.5829,0.41282,0.93133,1,0.90834,0.94036,0.84969,0.60846,0.51211,1.01741,0.005644,0.005644,0.005644
662,4538.91,0.56041,0.39078,0.91353,1,0.90576,0.94036,0.87278,0.58315,0.54089,0.99223,0.0056374,0.0056374,0.0056374
663,4545.46,0.56374,0.39467,0.92372,1,0.90374,0.94036,0.86586,0.59277,0.60284,0.99938,0.0056308,0.0056308,0.0056308
664,4552.07,0.58512,0.41225,0.93325,1,0.90333,0.938,0.86284,0.59729,0.62251,0.99841,0.0056242,0.0056242,0.0056242
665,4558.65,0.55131,0.39332,0.91977,1,0.90097,0.938,0.86567,0.61293,0.62129,1.02093,0.0056176,0.0056176,0.0056176
666,4565.21,0.55649,0.39437,0.91458,0.99695,0.81818,0.93218,0.85539,0.6112,0.59597,1.02183,0.005611,0.005611,0.005611
667,4571.74,0.56085,0.38943,0.92025,0.90445,0.90909,0.93218,0.84235,0.64522,0.60097,1.03435,0.0056044,0.0056044,0.0056044
668,4578.36,0.55917,0.39137,0.92912,0.90774,0.90909,0.9349,0.8374,0.68341,0.60827,1.0586,0.0055978,0.0055978,0.0055978
669,4584.89,0.54081,0.36763,0.91318,0.89105,0.90909,0.9349,0.80447,0.69509,0.55737,1.06891,0.0055912,0.0055912,0.0055912
670,4591.49,0.57276,0.40045,0.92155,1,0.89836,0.94308,0.8301,0.69012,0.53653,1.07275,0.0055846,0.0055846,0.0055846
671,4598.21,0.53758,0.37799,0.91515,0.89741,0.90909,0.9349,0.82202,0.66446,0.50436,1.05939,0.005578,0.005578,0.005578
672,4604.82,0.53696,0.3906,0.90544,1,0.90027,0.94308,0.84232,0.64127,0.47532,1.04038,0.0055714,0.0055714,0.0055714
673,4611.37,0.56732,0.39722,0.93,1,0.90616,0.94308,0.84433,0.63062,0.46504,1.03127,0.0055648,0.0055648,0.0055648
674,4617.97,0.54559,0.39055,0.92716,0.99755,0.90909,0.94625,0.86162,0.6262,0.46869,1.03117,0.0055582,0.0055582,0.0055582
675,4624.56,0.564,0.40221,0.9264,0.99538,0.90909,0.94036,0.85419,0.64114,0.49232,1.04565,0.0055516,0.0055516,0.0055516
676,4631.16,0.53584,0.37565,0.90067,1,0.90463,0.93594,0.84375,0.64948,0.52196,1.06446,0.005545,0.005545,0.005545
677,4637.76,0.56974,0.39884,0.92305,0.90136,0.90909,0.92776,0.83131,0.65016,0.55572,1.06469,0.0055384,0.0055384,0.0055384
678,4644.33,0.54115,0.38406,0.90996,1,0.88892,0.94036,0.85301,0.63763,0.5424,1.05889,0.0055318,0.0055318,0.0055318
679,4650.87,0.5327,0.37736,0.90243,1,0.90795,0.938,0.84223,0.64374,0.54926,1.06153,0.0055252,0.0055252,0.0055252
680,4657.45,0.55862,0.39578,0.91356,1,0.89924,0.938,0.85338,0.64221,0.55044,1.05686,0.0055186,0.0055186,0.0055186
681,4664.15,0.54536,0.38513,0.91117,0.89674,0.90909,0.92982,0.83561,0.66052,0.58521,1.06443,0.005512,0.005512,0.005512
682,4670.76,0.52775,0.36903,0.90785,0.9061,0.90909,0.92982,0.82314,0.65536,0.60408,1.04962,0.0055054,0.0055054,0.0055054
